url,resolved_url,http_status,retrieval,retrieved_text_sha256
https://pypi.org/project/ruff/,https://pypi.org/project/ruff/,200,text retrieved; not a claim-validation verdict,2f517af57344578fd65522462f14cc11a722c133033e7b3f32fbb451a652098a
https://pypi.org/project/uv/0.12.5/,https://pypi.org/project/uv/0.12.5/,200,challenge-page; not source content,32ed63159c77e21ee19ca1b9aa3213ccf0218eb59539560b132a8e68ef0e18ea
https://pypi.org/project/basedpyright/,https://pypi.org/project/basedpyright/,200,challenge-page; not source content,32ed63159c77e21ee19ca1b9aa3213ccf0218eb59539560b132a8e68ef0e18ea
https://pypi.org/project/mypy/,https://pypi.org/project/mypy/,200,challenge-page; not source content,32ed63159c77e21ee19ca1b9aa3213ccf0218eb59539560b132a8e68ef0e18ea
https://wemake-python-styleguide.readthedocs.io/en/latest/,https://wemake-python-styleguide.readthedocs.io/en/latest/,200,text retrieved; not a claim-validation verdict,790f60ca80578ca74ca700ca7e155393c7d330b6b08d874e9833f34a2abb3ccc
https://pylint.readthedocs.io/en/v4.0.8/user_guide/messages/refactor/duplicate-code.html,https://pylint.readthedocs.io/en/v4.0.8/user_guide/messages/refactor/duplicate-code.html,200,text retrieved; not a claim-validation verdict,58976166ea2de5a01f852f885891541321e49206e90511126f833886addcc6b2
https://import-linter.readthedocs.io/en/v2.11/contract_types/,https://import-linter.readthedocs.io/en/v2.11/contract_types/,200,text retrieved; not a claim-validation verdict,529afc6772d7e05fd4c9a18bcd7625e88aa5b59b7cad86538d6200585f0fcb00
https://docs.astral.sh/ruff/rules/unsorted-imports/,https://docs.astral.sh/ruff/rules/unsorted-imports/,200,text retrieved; not a claim-validation verdict,770aff967bd1fa324e923c5235eb3b10a9a44e0d16ef1dce244e5f94428f256d
https://docs.astral.sh/ruff/rules/unused-import/,https://docs.astral.sh/ruff/rules/unused-import/,200,text retrieved; not a claim-validation verdict,4f8dc003ec545cf4410e23dd352f8540b5a88f0511515e969422ea2708668a94
https://docs.astral.sh/ruff/rules/,https://docs.astral.sh/ruff/rules/,200,text retrieved; not a claim-validation verdict,d2b60d6fd9e0678c38fef9ab15eba76b8b12123d3dbe7ab33958b87698186a81
https://docs.astral.sh/ruff/rules/missing-return-type-undocumented-public-function/,https://docs.astral.sh/ruff/rules/missing-return-type-undocumented-public-function/,200,text retrieved; not a claim-validation verdict,24898f0606cd1f2e83d73deda9eb15795a9d809f9ef8b92de9c3b20b759b7e20
https://docs.basedpyright.com/dev/configuration/config-files/,https://docs.basedpyright.com/dev/configuration/config-files/,200,text retrieved; not a claim-validation verdict,d07919376e3a06584d68d9518142ab1f495f5d8c795e5a2d26d04dca4a7b8731
https://mypy.readthedocs.io/en/stable/existing_code.html,https://mypy.readthedocs.io/en/stable/existing_code.html,200,text retrieved; not a claim-validation verdict,1836a1abe0afdebf01fc417475781354689ba2bdd7e78c966b89096363f6a35a
https://mypy.readthedocs.io/en/stable/error_code_list2.html,https://mypy.readthedocs.io/en/stable/error_code_list2.html,200,text retrieved; not a claim-validation verdict,885a80b02f3115071d53a5da4dcb139021318f91a00a633e241f4ce59a885806
https://docs.astral.sh/ruff/rules/manual-from-import/,https://docs.astral.sh/ruff/rules/manual-from-import/,200,text retrieved; not a claim-validation verdict,7ba43b9ff48d06521dbd9568a98e3eaa7333ccabc8999c003f78bdfc2321bebb
https://docs.astral.sh/ruff/settings/,https://docs.astral.sh/ruff/settings/,200,text retrieved; not a claim-validation verdict,d3520dc246465ebe7a26e0a8cae9f887a3faa57a7c351f5afcd4bcfcd5bbe3cf
https://docs.astral.sh/ruff/rules/line-too-long/,https://docs.astral.sh/ruff/rules/line-too-long/,200,text retrieved; not a claim-validation verdict,155b33a863dbb300139b4315f3e1f97d29016dbbb69dd6c79baad9ee99664c16
https://docs.astral.sh/ruff/rules/doc-line-too-long/,https://docs.astral.sh/ruff/rules/doc-line-too-long/,200,text retrieved; not a claim-validation verdict,da830e5c4dcac7e4d4e2df7804f1c350d8283b3737b81b11bdb48bfaeff8b5d1
https://docs.astral.sh/ruff/rules/mutable-argument-default/,https://docs.astral.sh/ruff/rules/mutable-argument-default/,200,text retrieved; not a claim-validation verdict,127e16fc843a341b1ef3e8af768a59f9063bd6f7bd7bd2b47e58cf39962da400
https://docs.astral.sh/ruff/rules/mutable-dataclass-default/,https://docs.astral.sh/ruff/rules/mutable-dataclass-default/,200,text retrieved; not a claim-validation verdict,bae969019f816fd080e841b730d5e00b24743971834a197c38acd40f5fee7b85
https://docs.astral.sh/ruff/rules/mutable-class-default/,https://docs.astral.sh/ruff/rules/mutable-class-default/,200,text retrieved; not a claim-validation verdict,3cb16c8d1264ba2fe8fbbc8b572d933d54799740dcddb16ab19f882fd14ed5cf
https://docs.astral.sh/uv/concepts/projects/layout/,https://docs.astral.sh/uv/concepts/projects/layout/,200,text retrieved; not a claim-validation verdict,1703b8423762b9b3fe33c22c4269a96dfb8168a1224a42695313606d7c49b920
https://docs.astral.sh/uv/guides/projects/,https://docs.astral.sh/uv/guides/projects/,200,text retrieved; not a claim-validation verdict,a63ec977585d35df24e743a368f79897f3234ae8eb692188e2e054ca6e4acdfd
https://wemake-python-styleguide.readthedocs.io/en/stable/index.html,https://wemake-python-styleguide.readthedocs.io/en/stable/index.html,200,text retrieved; not a claim-validation verdict,f2d1185944e446b7b545d906d4781dabbbaab5857c19750587f1bccab03836f6
https://wemake-python-styleguide.readthedocs.io/en/latest/pages/usage/violations/complexity.html,https://wemake-python-styleguide.readthedocs.io/en/latest/pages/usage/violations/complexity.html,200,text retrieved; not a claim-validation verdict,b796fe536ae81ae44666868746607b6c786e3bea02e13484f130e135a080fe19
https://import-linter.readthedocs.io/en/stable/contract_types/,https://import-linter.readthedocs.io/en/stable/contract_types/,200,text retrieved; not a claim-validation verdict,58d7aa004fb75cfbac9a57234fa88088113e9117f31d0dadb55db9a349a8227a
https://docs.astral.sh/ruff/formatter/,https://docs.astral.sh/ruff/formatter/,200,text retrieved; not a claim-validation verdict,337951dac0454c17f9b01ebf5c0ba68f3afa31fe732fa9a1fef12523d27bdd60
https://docs.astral.sh/uv/concepts/projects/init/,https://docs.astral.sh/uv/concepts/projects/init/,200,text retrieved; not a claim-validation verdict,3d245015a6d4fdb5615d0110ed5fabee4b872a981630e777f99e09505f9db707
https://docs.astral.sh/uv/concepts/projects/workspaces/,https://docs.astral.sh/uv/concepts/projects/workspaces/,200,text retrieved; not a claim-validation verdict,ac03e61dec449749b5b961ebeb22fe53bed13c1f44b5492a8c9b55c92339a80f
https://pypi.org/project/uv/0.12.10/,https://pypi.org/project/uv/0.12.10/,200,text retrieved; not a claim-validation verdict,0184275d0f8e377d2687816dcc9ca3207837c8617962f354c38e7e81c01388b6
https://pypi.org/project/ruff/0.16.6/,https://pypi.org/project/ruff/0.16.6/,200,challenge-page; not source content,32ed63159c77e21ee19ca1b9aa3213ccf0218eb59539560b132a8e68ef0e18ea
https://docs.astral.sh/uv/guides/package/,https://docs.astral.sh/uv/guides/package/,200,text retrieved; not a claim-validation verdict,0a0a36ef142dfe19de66755635ccf29bfc7e729b27d2eb0f12f9441f664e4f93
https://pylint.readthedocs.io/en/latest/whatsnew/4/4.1/index.html,https://pylint.readthedocs.io/en/latest/whatsnew/4/4.1/index.html,200,text retrieved; not a claim-validation verdict,e0b8354d508a3d252bf959da1ec180b300839a975a70219dc3d09898bbb7d350
https://pylint.readthedocs.io/en/v4.0.8/user_guide/checkers/features.html,https://pylint.readthedocs.io/en/v4.0.8/user_guide/checkers/features.html,200,text retrieved; not a claim-validation verdict,86027f7a673b037d9686a94fed48bba81a4f7b2fbedcc2c4d57bd949a1336967
https://pylint.readthedocs.io/en/stable/user_guide/configuration/all-options.html,https://pylint.readthedocs.io/en/stable/user_guide/configuration/all-options.html,200,text retrieved; not a claim-validation verdict,8669eb5643e648968e9de70251955a189c9aa845bf17df09b736f834c4f22ef7
https://pypi.org/project/ruff/0.16.5/,https://pypi.org/project/ruff/0.16.5/,200,challenge-page; not source content,32ed63159c77e21ee19ca1b9aa3213ccf0218eb59539560b132a8e68ef0e18ea
https://pypi.org/project/uv/,https://pypi.org/project/uv/,200,text retrieved; not a claim-validation verdict,f43c0c12ccc3c78c66ee75a9498c047a5e211e4e98182fddf43ad408476ee711
https://pypi.org/project/basedpyright/1.39.10/,https://pypi.org/project/basedpyright/1.39.10/,200,challenge-page; not source content,32ed63159c77e21ee19ca1b9aa3213ccf0218eb59539560b132a8e68ef0e18ea
https://pypi.org/project/uv/0.12.3/,https://pypi.org/project/uv/0.12.3/,200,challenge-page; not source content,32ed63159c77e21ee19ca1b9aa3213ccf0218eb59539560b132a8e68ef0e18ea
https://pypi.org/project/uv/0.12.2/,https://pypi.org/project/uv/0.12.2/,200,challenge-page; not source content,32ed63159c77e21ee19ca1b9aa3213ccf0218eb59539560b132a8e68ef0e18ea
https://docs.astral.sh/uv/concepts/projects/config/,https://docs.astral.sh/uv/concepts/projects/config/,200,text retrieved; not a claim-validation verdict,38a8e2fb566d9d4a75b6c88eb6a2ddecec5e6fbbe59dbbeb621422ec1864eae2
https://docs.astral.sh/uv/concepts/preview/,https://docs.astral.sh/uv/concepts/preview/,200,text retrieved; not a claim-validation verdict,23eada5c46e4fcd119e43eab22995b0ba409d47cdcf5b42594d103138168628b
https://docs.astral.sh/uv/pip/compile/,https://docs.astral.sh/uv/pip/compile/,200,text retrieved; not a claim-validation verdict,c2d7a3d985ff881ed4776412e89de30d3791a04860b8f7efc664a34bf9a10e83
https://pylint.readthedocs.io/en/latest/user_guide/messages/convention/wrong-import-order.html,https://pylint.readthedocs.io/en/latest/user_guide/messages/convention/wrong-import-order.html,200,text retrieved; not a claim-validation verdict,664304d898b0ccb6fc66f621eee8dcd55703581bdd67ad4f8ec426f22cc9516a
https://pypi.org/project/uv/0.11.30/,https://pypi.org/project/uv/0.11.30/,200,challenge-page; not source content,32ed63159c77e21ee19ca1b9aa3213ccf0218eb59539560b132a8e68ef0e18ea
https://pylint.readthedocs.io/en/latest/user_guide/messages/error/duplicate-argument-name.html,https://pylint.readthedocs.io/en/latest/user_guide/messages/error/duplicate-argument-name.html,200,text retrieved; not a claim-validation verdict,8a47f793c21c4dc20b8bab4c347c4171b4a24a32896f248e66a50acdaf4eef6b
https://pylint.readthedocs.io/en/latest/user_guide/messages/error/duplicate-bases.html,https://pylint.readthedocs.io/en/latest/user_guide/messages/error/duplicate-bases.html,200,text retrieved; not a claim-validation verdict,a0064506e15672d7b080f72ef07c8fc7d83173ff1f309183772632012f22a118
https://pypi.org/project/ruff/0.15.21/,https://pypi.org/project/ruff/0.15.21/,200,challenge-page; not source content,32ed63159c77e21ee19ca1b9aa3213ccf0218eb59539560b132a8e68ef0e18ea
https://pypi.org/project/basedpyright/1.39.9/,https://pypi.org/project/basedpyright/1.39.9/,200,challenge-page; not source content,32ed63159c77e21ee19ca1b9aa3213ccf0218eb59539560b132a8e68ef0e18ea
https://docs.astral.sh/uv/getting-started/features/,https://docs.astral.sh/uv/getting-started/features/,200,text retrieved; not a claim-validation verdict,e06fa2e8d4d0bdc778de25a2cafdd921c407c6d116d176239240e5b1c756f631
https://pylint.readthedocs.io/en/stable/user_guide/usage/index.html,https://pylint.readthedocs.io/en/stable/user_guide/usage/index.html,200,text retrieved; not a claim-validation verdict,4bb93226da30c41f2a15c557ab85d8dad9d80d3cc5d39ec449ed2cf51d79d09e
https://pylint.readthedocs.io/en/stable/user_guide/messages/error/too-many-function-args.html,https://pylint.readthedocs.io/en/stable/user_guide/messages/error/too-many-function-args.html,200,text retrieved; not a claim-validation verdict,cd1e40ed055f96eef8fdf5ecdac3fe5072adaf852ab65021f8fdf380c7b4edfe
https://pypi.org/project/uv/0.11.20/,https://pypi.org/project/uv/0.11.20/,200,challenge-page; not source content,32ed63159c77e21ee19ca1b9aa3213ccf0218eb59539560b132a8e68ef0e18ea
https://pypi.org/project/basedpyright/1.39.7/,https://pypi.org/project/basedpyright/1.39.7/,200,challenge-page; not source content,32ed63159c77e21ee19ca1b9aa3213ccf0218eb59539560b132a8e68ef0e18ea
https://pypi.org/project/ruff/0.15.16/,https://pypi.org/project/ruff/0.15.16/,200,challenge-page; not source content,32ed63159c77e21ee19ca1b9aa3213ccf0218eb59539560b132a8e68ef0e18ea
https://pypi.org/project/ruff/0.15.15/,https://pypi.org/project/ruff/0.15.15/,200,challenge-page; not source content,32ed63159c77e21ee19ca1b9aa3213ccf0218eb59539560b132a8e68ef0e18ea
https://pypi.org/project/uv/0.11.11/,https://pypi.org/project/uv/0.11.11/,200,challenge-page; not source content,32ed63159c77e21ee19ca1b9aa3213ccf0218eb59539560b132a8e68ef0e18ea
https://pypi.org/project/mypy/2.0.0/,https://pypi.org/project/mypy/2.0.0/,200,challenge-page; not source content,32ed63159c77e21ee19ca1b9aa3213ccf0218eb59539560b132a8e68ef0e18ea
https://pypi.org/project/basedpyright/1.39.1/,https://pypi.org/project/basedpyright/1.39.1/,200,challenge-page; not source content,32ed63159c77e21ee19ca1b9aa3213ccf0218eb59539560b132a8e68ef0e18ea
https://pypi.org/project/ruff/0.15.10/,https://pypi.org/project/ruff/0.15.10/,200,challenge-page; not source content,32ed63159c77e21ee19ca1b9aa3213ccf0218eb59539560b132a8e68ef0e18ea
https://pypi.org/project/uv/0.11.5/,https://pypi.org/project/uv/0.11.5/,200,challenge-page; not source content,32ed63159c77e21ee19ca1b9aa3213ccf0218eb59539560b132a8e68ef0e18ea
https://pypi.org/project/basedpyright/1.39.0/,https://pypi.org/project/basedpyright/1.39.0/,200,challenge-page; not source content,32ed63159c77e21ee19ca1b9aa3213ccf0218eb59539560b132a8e68ef0e18ea
https://pylint.readthedocs.io/en/latest/messages/error/duplicate-bases.html,https://pylint.readthedocs.io/en/latest/user_guide/messages/error/duplicate-bases.html,200,text retrieved; not a claim-validation verdict,a0064506e15672d7b080f72ef07c8fc7d83173ff1f309183772632012f22a118
https://pypi.org/project/uv/0.10.6/,https://pypi.org/project/uv/0.10.6/,200,challenge-page; not source content,32ed63159c77e21ee19ca1b9aa3213ccf0218eb59539560b132a8e68ef0e18ea
https://pypi.org/project/ruff/0.15.2/,https://pypi.org/project/ruff/0.15.2/,200,challenge-page; not source content,32ed63159c77e21ee19ca1b9aa3213ccf0218eb59539560b132a8e68ef0e18ea
https://pypi.org/project/uv/0.9.24/,https://pypi.org/project/uv/0.9.24/,200,challenge-page; not source content,32ed63159c77e21ee19ca1b9aa3213ccf0218eb59539560b132a8e68ef0e18ea
https://docs.astral.sh/uv/guides/scripts/,https://docs.astral.sh/uv/guides/scripts/,200,text retrieved; not a claim-validation verdict,b9ac1147412292c584f655fb7a75bec2eddad8c853a0eefc0b4eeb1019530e9c
https://docs.astral.sh/uv/reference/cli/,https://docs.astral.sh/uv/reference/cli/,200,text retrieved; not a claim-validation verdict,0102265979d0b3e68c3336e301778783b0b0638ccfde8d6b550cae6267d00293
https://docs.astral.sh/uv/guides/tools/,https://docs.astral.sh/uv/guides/tools/,200,text retrieved; not a claim-validation verdict,217add6715ae716506ec3421e16d17c3e7931055f06715146c0a428370844d33
https://docs.astral.sh/uv/concepts/projects/export/,https://docs.astral.sh/uv/concepts/projects/export/,200,text retrieved; not a claim-validation verdict,c37c0096aeb80e353fe7b0f3c554b53db246b9ef119be27e13217c905ad2945e
https://pylint.readthedocs.io/en/v4.0.7/whatsnew/4/4.0/index.html,https://pylint.readthedocs.io/en/v4.0.7/whatsnew/4/4.0/index.html,200,text retrieved; not a claim-validation verdict,c9dec72d9cb303b44e2f9da327f1cb4c92dc5cb18f49be6ae668fd1f9f2032c4
https://pylint.readthedocs.io/en/v3.3.9/user_guide/messages/refactor/too-many-branches.html,https://pylint.readthedocs.io/en/v3.3.9/user_guide/messages/refactor/too-many-branches.html,200,text retrieved; not a claim-validation verdict,cd6791f11f36b35cfb3afd5ef1308ac81601a1b6e41570279048ce0d8e491750
https://pypi.org/project/mypy/1.18.2/,https://pypi.org/project/mypy/1.18.2/,200,challenge-page; not source content,32ed63159c77e21ee19ca1b9aa3213ccf0218eb59539560b132a8e68ef0e18ea
https://pypi.org/project/ruff/0.12.7/,https://pypi.org/project/ruff/0.12.7/,200,challenge-page; not source content,32ed63159c77e21ee19ca1b9aa3213ccf0218eb59539560b132a8e68ef0e18ea
https://pypi.org/project/ruff/0.12.2/,https://pypi.org/project/ruff/0.12.2/,200,challenge-page; not source content,32ed63159c77e21ee19ca1b9aa3213ccf0218eb59539560b132a8e68ef0e18ea
https://pypi.org/project/uv/0.5.28/,https://pypi.org/project/uv/0.5.28/,200,challenge-page; not source content,32ed63159c77e21ee19ca1b9aa3213ccf0218eb59539560b132a8e68ef0e18ea
https://pypi.org/project/basedpyright/1.26.0/,https://pypi.org/project/basedpyright/1.26.0/,200,challenge-page; not source content,32ed63159c77e21ee19ca1b9aa3213ccf0218eb59539560b132a8e68ef0e18ea
https://pypi.org/project/mypy/1.14.1/,https://pypi.org/project/mypy/1.14.1/,200,challenge-page; not source content,32ed63159c77e21ee19ca1b9aa3213ccf0218eb59539560b132a8e68ef0e18ea
https://pypi.org/project/basedpyright/1.17.5/,https://pypi.org/project/basedpyright/1.17.5/,200,challenge-page; not source content,32ed63159c77e21ee19ca1b9aa3213ccf0218eb59539560b132a8e68ef0e18ea
https://pypi.org/project/mypy/1.11.2/,https://pypi.org/project/mypy/1.11.2/,200,challenge-page; not source content,32ed63159c77e21ee19ca1b9aa3213ccf0218eb59539560b132a8e68ef0e18ea
https://pypi.org/project/mypy/1.11.1/,https://pypi.org/project/mypy/1.11.1/,200,challenge-page; not source content,32ed63159c77e21ee19ca1b9aa3213ccf0218eb59539560b132a8e68ef0e18ea
https://pypi.org/project/basedpyright/1.13.0/,https://pypi.org/project/basedpyright/1.13.0/,200,challenge-page; not source content,32ed63159c77e21ee19ca1b9aa3213ccf0218eb59539560b132a8e68ef0e18ea
https://pypi.org/project/basedpyright/1.12.6/,https://pypi.org/project/basedpyright/1.12.6/,200,challenge-page; not source content,32ed63159c77e21ee19ca1b9aa3213ccf0218eb59539560b132a8e68ef0e18ea
https://pypi.org/project/basedpyright/1.12.0/,https://pypi.org/project/basedpyright/1.12.0/,200,challenge-page; not source content,32ed63159c77e21ee19ca1b9aa3213ccf0218eb59539560b132a8e68ef0e18ea
https://pypi.org/project/basedpyright/1.0.0/,https://pypi.org/project/basedpyright/1.0.0/,200,challenge-page; not source content,32ed63159c77e21ee19ca1b9aa3213ccf0218eb59539560b132a8e68ef0e18ea
https://pypi.org/project/mypy/1.7.0/,https://pypi.org/project/mypy/1.7.0/,200,challenge-page; not source content,32ed63159c77e21ee19ca1b9aa3213ccf0218eb59539560b132a8e68ef0e18ea
https://pylint.readthedocs.io/en/v2.17.7/user_guide/checkers/features.html,https://pylint.readthedocs.io/en/v2.17.7/user_guide/checkers/features.html,200,text retrieved; not a claim-validation verdict,fd567d2efcc772fff2fd1d848d09e2f8bc907a6606671b7e57d531e8ffebd5d2
https://pylint.readthedocs.io/en/v2.17.7/user_guide/messages/refactor/too-many-statements.html,https://pylint.readthedocs.io/en/v2.17.7/user_guide/messages/refactor/too-many-statements.html,200,text retrieved; not a claim-validation verdict,15f13b02dde01685b24913435c7b921f58ffc8d86731ca4f559852467633ed48
https://pylint.readthedocs.io/en/v2.17.7/user_guide/checkers/extensions.html,https://pylint.readthedocs.io/en/v2.17.7/user_guide/checkers/extensions.html,200,text retrieved; not a claim-validation verdict,9db62642ad8e0b4fe84f35ef2253f3dc8fa3ef533bc6e6d363e5a2e17654f9bf
https://pypi.org/project/mypy/1.5.0/,https://pypi.org/project/mypy/1.5.0/,200,challenge-page; not source content,32ed63159c77e21ee19ca1b9aa3213ccf0218eb59539560b132a8e68ef0e18ea
https://pylint.readthedocs.io/en/v2.15.10/user_guide/messages/messages_overview.html,https://pylint.readthedocs.io/en/v2.15.10/user_guide/messages/messages_overview.html,200,text retrieved; not a claim-validation verdict,2a790d430f1a19a7034a62f73efc37e0fb253d46ae525ef647ba1107d39b666b
https://pylint.readthedocs.io/en/v2.15.10/user_guide/messages/refactor/too-many-statements.html,https://pylint.readthedocs.io/en/v2.15.10/user_guide/messages/refactor/too-many-statements.html,200,text retrieved; not a claim-validation verdict,f10ff38eb50185c173f345de13838c0622eb1fa25347cbf59a593c21b976c4b4
https://pypi.org/project/ruff/0.0.183/,https://pypi.org/project/ruff/0.0.183/,200,challenge-page; not source content,32ed63159c77e21ee19ca1b9aa3213ccf0218eb59539560b132a8e68ef0e18ea
https://pypi.org/project/ruff/0.0.146/,https://pypi.org/project/ruff/0.0.146/,200,challenge-page; not source content,32ed63159c77e21ee19ca1b9aa3213ccf0218eb59539560b132a8e68ef0e18ea
https://pypi.org/project/mypy/0.991/,https://pypi.org/project/mypy/0.991/,200,challenge-page; not source content,32ed63159c77e21ee19ca1b9aa3213ccf0218eb59539560b132a8e68ef0e18ea
https://pypi.org/project/mypy/0.981/,https://pypi.org/project/mypy/0.981/,200,challenge-page; not source content,32ed63159c77e21ee19ca1b9aa3213ccf0218eb59539560b132a8e68ef0e18ea
https://pylint.readthedocs.io/en/v2.14.5/user_guide/messages/refactor/duplicate-code.html,https://pylint.readthedocs.io/en/v2.14.5/user_guide/messages/refactor/duplicate-code.html,200,text retrieved; not a claim-validation verdict,717e8f24e9ec3a61c167a85bb09554968c2ee6ee1172ca1812b90b1b7ceaaae4
https://pylint.readthedocs.io/en/v2.14.5/user_guide/checkers/features.html,https://pylint.readthedocs.io/en/v2.14.5/user_guide/checkers/features.html,200,text retrieved; not a claim-validation verdict,044986dc43e7d3dbafcb1b5357effd8fc53a6904274e2d7c7802f1a1f7b9630d
https://pylint.readthedocs.io/en/v2.14.5/user_guide/messages/messages_overview.html,https://pylint.readthedocs.io/en/v2.14.5/user_guide/messages/messages_overview.html,200,text retrieved; not a claim-validation verdict,abf60dc254b92f1d878f5a7f70369da1a5636d4ac2978112b50d3f64b5a461d0
https://pylint.readthedocs.io/en/v2.14.5/user_guide/checkers/index.html,https://pylint.readthedocs.io/en/v2.14.5/user_guide/checkers/index.html,200,text retrieved; not a claim-validation verdict,8f78d544261b5a44a732ad064534470685514662ef1e3afeb409e4d33409b4c5
https://pylint.readthedocs.io/en/v2.14.5/user_guide/messages/refactor/too-many-statements.html,https://pylint.readthedocs.io/en/v2.14.5/user_guide/messages/refactor/too-many-statements.html,200,text retrieved; not a claim-validation verdict,64fedbf674d4dcefc74867b97cb94aa1b7c1683be920da439102c173d87dcaa6
https://pylint.readthedocs.io/en/v2.14.5/user_guide/messages/refactor/too-many-branches.html,https://pylint.readthedocs.io/en/v2.14.5/user_guide/messages/refactor/too-many-branches.html,200,text retrieved; not a claim-validation verdict,8c869498091fa2afa169fa1a42334088877f279e059e4bf054f0f163090582d9
https://pylint.readthedocs.io/en/v2.14.5/user_guide/configuration/all-options.html,https://pylint.readthedocs.io/en/v2.14.5/user_guide/configuration/all-options.html,200,text retrieved; not a claim-validation verdict,086cff230db93d441c97db7a46143bddc99e58a96110437f66e471ed14e34de0
https://pypi.org/project/mypy/0.961/,https://pypi.org/project/mypy/0.961/,200,challenge-page; not source content,32ed63159c77e21ee19ca1b9aa3213ccf0218eb59539560b132a8e68ef0e18ea
https://pylint.readthedocs.io/en/v2.13.9/messages/refactor/duplicate-code.html,https://pylint.readthedocs.io/en/v2.13.9/messages/refactor/duplicate-code.html,200,text retrieved; not a claim-validation verdict,7467900932391b3deef14b8e4a9f969a82c7027e9933523c0420cc30d6f3c796
https://pylint.readthedocs.io/en/v2.13.9/technical_reference/features.html,https://pylint.readthedocs.io/en/v2.13.9/technical_reference/features.html,200,text retrieved; not a claim-validation verdict,206c8d7ad194cb91526b276f3233e95294a3117c79c0452c6d50f7353987b3ff
https://pylint.readthedocs.io/en/v2.13.9/messages/refactor/too-many-branches.html,https://pylint.readthedocs.io/en/v2.13.9/messages/refactor/too-many-branches.html,200,text retrieved; not a claim-validation verdict,501876319960f21621daec8bab34670779f35babb3a4202c47e1cbdc04cc0f19
https://pylint.readthedocs.io/en/v2.10.2/technical_reference/features.html,https://pylint.readthedocs.io/en/v2.10.2/technical_reference/features.html,200,text retrieved; not a claim-validation verdict,166a061baac05da59ba4a9a8eaaed3dad70ff597687c43e6525e2e4671019d85
https://pypi.org/project/mypy/0.1/,https://pypi.org/project/mypy/0.1/,200,challenge-page; not source content,32ed63159c77e21ee19ca1b9aa3213ccf0218eb59539560b132a8e68ef0e18ea
https://mypy.readthedocs.io/en/stable/inline_config.html,https://mypy.readthedocs.io/en/stable/inline_config.html,200,text retrieved; not a claim-validation verdict,d330c1345264cab9461fff67ee3a54e26192adfe64ff1b094dcaf107f72e7c27
https://mypy.readthedocs.io/en/stable/dynamic_typing.html,https://mypy.readthedocs.io/en/stable/dynamic_typing.html,200,text retrieved; not a claim-validation verdict,7356848271875a0d0453c2485917fc0cf201727a137ebc3680e741a094194089
https://mypy.readthedocs.io/en/stable/changelog.html,https://mypy.readthedocs.io/en/stable/changelog.html,200,text retrieved; not a claim-validation verdict,c8acf1e74473396fa1e26f5f190dc63ef7a70a2fa4e35c0ceafb9534ac7483ce
https://mypy.readthedocs.io/en/stable/,https://mypy.readthedocs.io/en/stable/,200,text retrieved; not a claim-validation verdict,21ec2115c1bfd0b3f302dba5beaa578ee0aec77dda5da73e0556477e352be1c0
https://mypy.readthedocs.io/en/latest/,https://mypy.readthedocs.io/en/latest/,200,text retrieved; not a claim-validation verdict,26ec250df9f7b093bb0fb6d877de9eddb2c7563f00363a6d1eed3084c5f3dae4
https://mypy.readthedocs.io/en/latest/genindex.html,https://mypy.readthedocs.io/en/latest/genindex.html,200,text retrieved; not a claim-validation verdict,98ba5ac877147da116e3847e96118b205797decd68eb3fe829bd726e876c41a8
https://mypy.readthedocs.io/en/latest/common_issues.html,https://mypy.readthedocs.io/en/latest/common_issues.html,200,text retrieved; not a claim-validation verdict,3821772a4625e282cf9e790a5478bbcc35d77ea555b1ae1c457d57cb0eb5852a
https://mypy.readthedocs.io/en/stable/error_codes.html,https://mypy.readthedocs.io/en/stable/error_codes.html,200,text retrieved; not a claim-validation verdict,90dfc912ba55a5aa2ccc4850cfb349fd976e65572d8d7cc80e10ee838b437d0c
https://mypy.readthedocs.io/en/latest/type_inference_and_annotations.html,https://mypy.readthedocs.io/en/latest/type_inference_and_annotations.html,200,text retrieved; not a claim-validation verdict,e25ee9f54444c80dbc6b2330907ede00c14f12c03b393bf906abb76408b86015
https://mypy.readthedocs.io/en/stable/kinds_of_types.html,https://mypy.readthedocs.io/en/stable/kinds_of_types.html,200,text retrieved; not a claim-validation verdict,9b5e0782ab0d94579f5204eb4cfd98662c22c195b1888b66e5ee9f1e52b1db87
https://mypy.readthedocs.io/en/latest/final_attrs.html,https://mypy.readthedocs.io/en/latest/final_attrs.html,200,text retrieved; not a claim-validation verdict,d6442f58fdd35a9236a26986739c90b7e111c054cdbb87107afde70311d347a9
https://mypy.readthedocs.io/en/latest/command_line.html?highlight=json,https://mypy.readthedocs.io/en/latest/command_line.html?highlight=json,200,text retrieved; not a claim-validation verdict,491ef0302513f9b74d0f70b3bfc83ad6fd1c0076b50af4fdda3d9f0dc93a0409
https://mypy.readthedocs.io/en/stable/config_file.html?highlight=follow_imports,https://mypy.readthedocs.io/en/stable/config_file.html?highlight=follow_imports,200,text retrieved; not a claim-validation verdict,4925a24acffe354bb1d6309e6c6a613de452c0c9c69a8adf607f0bb185c5057b
https://mypy.readthedocs.io/en/stable/error_codes.html?highlight=type+ignore,https://mypy.readthedocs.io/en/stable/error_codes.html?highlight=type+ignore,200,text retrieved; not a claim-validation verdict,90dfc912ba55a5aa2ccc4850cfb349fd976e65572d8d7cc80e10ee838b437d0c
https://mypy.readthedocs.io/en/stable/genindex.html,https://mypy.readthedocs.io/en/stable/genindex.html,200,text retrieved; not a claim-validation verdict,ebd431b7a5bf276150d7597c4680044d924e217210ea4bb5590e4720322a38cd
https://mypy.readthedocs.io/en/stable/error_code_list.html?highlight=func-returns-value,https://mypy.readthedocs.io/en/stable/error_code_list.html?highlight=func-returns-value,200,text retrieved; not a claim-validation verdict,64d40a9212ed27f32fb7a8c4fe31e3be482241e8c65126520136dfdd24707d28
https://mypy.readthedocs.io/en/stable/literal_types.html?highlight=Exhaustiveness,https://mypy.readthedocs.io/en/stable/literal_types.html?highlight=Exhaustiveness,200,text retrieved; not a claim-validation verdict,50ad42361538be44ba70a7a6aebc4f5b10c9be22bb321d173d9f292ef4baf5d6
https://mypy.readthedocs.io/en/latest/getting_started.html?highlight=var-args,https://mypy.readthedocs.io/en/latest/getting_started.html?highlight=var-args,200,text retrieved; not a claim-validation verdict,b759c4f5b7434645f62066afd9f223ab75cedbd2f886e8134fe8336540f4a5c6
https://mypy.readthedocs.io/en/latest/?featured_on=pythonbytes,https://mypy.readthedocs.io/en/latest/?featured_on=pythonbytes,200,text retrieved; not a claim-validation verdict,26ec250df9f7b093bb0fb6d877de9eddb2c7563f00363a6d1eed3084c5f3dae4
https://mypy.readthedocs.io/en/latest/class_basics.html?highlight=abc,https://mypy.readthedocs.io/en/latest/class_basics.html?highlight=abc,200,text retrieved; not a claim-validation verdict,05c358371c230462437abd06e6d89998b2ce8201443413809dc4d22627bdb38a
https://docs.astral.sh/ruff/rules/unnecessary-builtin-import/,https://docs.astral.sh/ruff/rules/unnecessary-builtin-import/,200,text retrieved; not a claim-validation verdict,6e42aae3037feb2a3262be2c86e23e37fe1196383cb71f9396b993f0438af5ec
https://docs.astral.sh/ruff/faq/,https://docs.astral.sh/ruff/faq/,200,text retrieved; not a claim-validation verdict,52081b3802bec3dacfa98ac40f7a941ba351f5d3b443f2d1deacc3b4a4f20da9
https://docs.astral.sh/ruff/tutorial/,https://docs.astral.sh/ruff/tutorial/,200,text retrieved; not a claim-validation verdict,17fbd4ffa76e16177e10745af744bd5f66dc44d99b0e120692b3cd441f2ba0e9
https://docs.astral.sh/ruff/linter/,https://docs.astral.sh/ruff/linter/,200,text retrieved; not a claim-validation verdict,73aaef26260ad5af7fd5b4b477f4772d47992584e0fe66b51ccb56842bbf92ac
https://docs.astral.sh/ruff/,https://docs.astral.sh/ruff/,200,text retrieved; not a claim-validation verdict,197dae5be67b6a378e1e1de2e65b9c845245067e5f6917cc693c8312ed0d486d
https://docs.astral.sh/ruff/rules/banned-import-from/,https://docs.astral.sh/ruff/rules/banned-import-from/,200,text retrieved; not a claim-validation verdict,5d354b90c3f1dd9c5b9f1a09bee1f167d148f5f58fdcc9de97fff068ac0cb87e
https://docs.astral.sh/ruff/rules/unused-noqa/,https://docs.astral.sh/ruff/rules/unused-noqa/,200,text retrieved; not a claim-validation verdict,aad9940ca73431773aa6b234bb441134da4bd78f960be5aa37592f399717a234
https://docs.astral.sh/ruff/rules/missing-required-import/,https://docs.astral.sh/ruff/rules/missing-required-import/,200,text retrieved; not a claim-validation verdict,378132efe47716cbf49c227b0d3e967deb1b0647756a5a464b51b881ddd9ca3f
https://docs.astral.sh/ruff/rules/missing-type-function-argument/,https://docs.astral.sh/ruff/rules/missing-type-function-argument/,200,text retrieved; not a claim-validation verdict,58a81e0d970e5f050fad5a635c3b5084f2358303fc60c400132bb2da85f3c581
https://docs.astral.sh/ruff/rules/invalid-first-argument-name-for-class-method/,https://docs.astral.sh/ruff/rules/invalid-first-argument-name-for-class-method/,200,text retrieved; not a claim-validation verdict,b5ff2a2d51028fc209b7e7413a40e9dcf9e5ad0541a56de614acf8fe96822b2f
https://docs.astral.sh/ruff/rules/non-pep695-generic-class/,https://docs.astral.sh/ruff/rules/non-pep695-generic-class/,200,text retrieved; not a claim-validation verdict,dd823f567fb8d3f5f30ed0a230cf5dd7d45a1c4627f0b3c86272e1cd67b956f9
https://docs.astral.sh/ruff/rules/self-or-cls-assignment/,https://docs.astral.sh/ruff/rules/self-or-cls-assignment/,200,text retrieved; not a claim-validation verdict,566708b8d1e375c13a6d219bf264b9ec205b5a7b80bed5eb9ded048dd7ca0ca6
https://docs.astral.sh/ruff/rules/invalid-first-argument-name-for-method/,https://docs.astral.sh/ruff/rules/invalid-first-argument-name-for-method/,200,text retrieved; not a claim-validation verdict,a4efbd6976f0a6846904dd4ff8c51da1e6cdb280debfd64043b75931eb00c201
https://docs.astral.sh/ruff/rules/non-pep695-type-alias/,https://docs.astral.sh/ruff/rules/non-pep695-type-alias/,200,text retrieved; not a claim-validation verdict,dcb6df19b4bf5138d95962ec06f5fee78465f7f5bdc56704c0d4f618fed2b670
https://docs.astral.sh/ruff/rules/unconventional-import-alias/,https://docs.astral.sh/ruff/rules/unconventional-import-alias/,200,text retrieved; not a claim-validation verdict,c154f91da13fd8eb46f62c2881f71cde524bc65bbd41da3e353cdae5d1eb0608
https://docs.astral.sh/ruff/rules/banned-import-alias/,https://docs.astral.sh/ruff/rules/banned-import-alias/,200,text retrieved; not a claim-validation verdict,9fdf0cb44b47696a1bcda6b1c5dcc13db26ffcad1c00c49aa48e470e87ad13c2
https://docs.astral.sh/ruff/rules/function-call-in-dataclass-default-argument/,https://docs.astral.sh/ruff/rules/function-call-in-dataclass-default-argument/,200,text retrieved; not a claim-validation verdict,17e94b4e41dee999b23e389d1eb5b1134090204118e4457a1dc4e682d5f677eb
https://docs.astral.sh/ruff/rules/no-self-use/,https://docs.astral.sh/ruff/rules/no-self-use/,200,text retrieved; not a claim-validation verdict,e1cf731996d3032a8ffd8967fe135224999202db8ea6af3925e6bab9e3a41fb4
https://docs.astral.sh/ruff/rules/non-pep585-annotation/,https://docs.astral.sh/ruff/rules/non-pep585-annotation/,200,text retrieved; not a claim-validation verdict,be47aa1ad876dcbaa10a93497cfbedb2c3dfe8573468435c140ed2cdf7acd303
https://docs.astral.sh/ruff/rules/non-pep695-generic-function/,https://docs.astral.sh/ruff/rules/non-pep695-generic-function/,200,text retrieved; not a claim-validation verdict,063510b37cb4de752ea60f6dc1f89cfbf8158fcb488fa1a6a1af25c9cd914525
https://docs.astral.sh/ruff/rule-proposals/,https://docs.astral.sh/ruff/rule-proposals/,200,text retrieved; not a claim-validation verdict,138eef11f9475b71bb06f4eda9f3d3b3cb729c064bdd08ca7b4fbc99810ef129
https://docs.astral.sh/ruff/rules/invalid-class-name/,https://docs.astral.sh/ruff/rules/invalid-class-name/,200,text retrieved; not a claim-validation verdict,f57df7fa6ea10fc41e1132ecea0a1fecd93c2ba3630af32f2546ebf7c8c244f4
https://docs.astral.sh/ruff/rules/mutable-contextvar-default/,https://docs.astral.sh/ruff/rules/mutable-contextvar-default/,200,text retrieved; not a claim-validation verdict,821d8cc819d631dc22b06ca8d5cbd8f73bdf81be41c1c6af57ee4b413df5b993
https://docs.astral.sh/ruff/rules/banned-api/,https://docs.astral.sh/ruff/rules/banned-api/,200,text retrieved; not a claim-validation verdict,9ab3168a85844c1e70960e3e6778a37ff6df99316a6e5b613341866a56a3a3e5
https://docs.astral.sh/ruff/rules/non-self-return-type/,https://docs.astral.sh/ruff/rules/non-self-return-type/,200,text retrieved; not a claim-validation verdict,a11dd2ca5284311d71c72fff2636db358a57669f4019415ce99b3c3dfe537f0a
https://docs.astral.sh/ruff/rules/banned-module-level-imports/,https://docs.astral.sh/ruff/rules/banned-module-level-imports/,200,text retrieved; not a claim-validation verdict,6b4ff0230516e1487e1218650e08072ec082cf8b2f7d966b069d4dea00061cbd
https://docs.astral.sh/ruff/rules/invalid-argument-name/,https://docs.astral.sh/ruff/rules/invalid-argument-name/,200,text retrieved; not a claim-validation verdict,0c89d0d56c8e7afee4242b83f58437e772343a75b1a45938f1ef10a71353f68b
https://docs.astral.sh/ruff/rules/missing-type-self/,https://docs.astral.sh/ruff/rules/missing-type-self/,200,text retrieved; not a claim-validation verdict,6166f55588cbecc42dd212f22ee884458d4b34b1ee48f032a4918092e7517b7c
https://docs.astral.sh/ruff/rules/unused-static-method-argument/,https://docs.astral.sh/ruff/rules/unused-static-method-argument/,200,text retrieved; not a claim-validation verdict,96c9c80cb6c56f1d9aefb800060177669fca874c0d78956b9d6798a8a4545b5c
https://docs.astral.sh/ruff/configuration/,https://docs.astral.sh/ruff/configuration/,200,text retrieved; not a claim-validation verdict,b348d2be91d588d0744667a35a0283b93bf8308423ac8411c02c80ab17cca500
https://docs.astral.sh/ruff/rules/missing-return-type-class-method/,https://docs.astral.sh/ruff/rules/missing-return-type-class-method/,200,text retrieved; not a claim-validation verdict,f17693946e485cbbb7d60db5a6b36927b950d20cdc0ab21f0ae53199aa9431b1
https://docs.astral.sh/ruff/rules/post-init-default/,https://docs.astral.sh/ruff/rules/post-init-default/,200,text retrieved; not a claim-validation verdict,c01c72f2aa6d411dfde3df39b6a8557bd439d5a7a1988eb05d44b7f835eae2b9
https://docs.astral.sh/ruff/rules/unnecessary-default-type-args/,https://docs.astral.sh/ruff/rules/unnecessary-default-type-args/,200,text retrieved; not a claim-validation verdict,42bdadda7f8d39bf3c48522d51158bba76f720d28d5e134fbfd443ee5bb375f8
https://docs.astral.sh/ruff/rules/non-ascii-import-name/,https://docs.astral.sh/ruff/rules/non-ascii-import-name/,200,text retrieved; not a claim-validation verdict,b7df64ee299f43fc2697f139a946e28f47174f0dd60c7d3765a6ef64fe292064
https://docs.astral.sh/ruff/rules/private-type-parameter/,https://docs.astral.sh/ruff/rules/private-type-parameter/,200,text retrieved; not a claim-validation verdict,a6db0b198108c48146dcc68f4720553659486b05a47fcaa476651478ebc64b14
https://docs.astral.sh/ruff/rules/useless-import-alias/,https://docs.astral.sh/ruff/rules/useless-import-alias/,200,text retrieved; not a claim-validation verdict,02dda5f730cec13f44d3b56d875d6fec966621896cf3aadc5c9d6497d2732cdc
https://docs.astral.sh/ruff/rules/constant-imported-as-non-constant/,https://docs.astral.sh/ruff/rules/constant-imported-as-non-constant/,200,text retrieved; not a claim-validation verdict,773228bea048d9e47165330fbaee2696cabdc5c75cb61f2d69948630e3e43011
https://docs.astral.sh/ruff/rules/argument-default-in-stub/,https://docs.astral.sh/ruff/rules/argument-default-in-stub/,200,text retrieved; not a claim-validation verdict,33963c63731abecf4e1f882a528e17489e85aa5aaedffccda2001c7ef11ccf5d
https://docs.astral.sh/ruff/rules/class-with-mixed-type-vars/,https://docs.astral.sh/ruff/rules/class-with-mixed-type-vars/,200,text retrieved; not a claim-validation verdict,328b6cd9d15bf6621f8855daa58708af8da77eca1fec1b90b34a48733d82dcbe
https://docs.astral.sh/ruff/rules/custom-type-var-for-self/,https://docs.astral.sh/ruff/rules/custom-type-var-for-self/,200,text retrieved; not a claim-validation verdict,53ad8ec186ecef52a9572cf8fa1cebf0165f6f8305252feb6d0d4d76f6685626
https://docs.astral.sh/ruff/rules/type-alias-without-annotation/,https://docs.astral.sh/ruff/rules/type-alias-without-annotation/,200,text retrieved; not a claim-validation verdict,b813c9b50aaf6befa9bfb104afe7ec0f5d22a1aeabcabd0952f3f68f2ea5686c
https://docs.astral.sh/ruff/rules/relative-imports/,https://docs.astral.sh/ruff/rules/relative-imports/,200,text retrieved; not a claim-validation verdict,ca92f93f6f3b153b31d8feac4f5521b3164c400ed1952373240d9142fe334372
https://docs.astral.sh/ruff/rules/any-type/,https://docs.astral.sh/ruff/rules/any-type/,200,text retrieved; not a claim-validation verdict,7beeef99b0f7252203e80c95fce140f2791b901365fc6f96f46b75b16fa46a1a
https://docs.astral.sh/ruff/rules/missing-return-type-private-function/,https://docs.astral.sh/ruff/rules/missing-return-type-private-function/,200,text retrieved; not a claim-validation verdict,4c051f5df96a46748e6a04d7675b2f865d3e189385e01dab250a2a4f0cfed16e
https://docs.astral.sh/ruff/rules/missing-return-type-static-method/,https://docs.astral.sh/ruff/rules/missing-return-type-static-method/,200,text retrieved; not a claim-validation verdict,a288c99c3b83adf82adf542ac6a95120b369425dcb811906dbe79af2b6fdc7a4
https://docs.astral.sh/ruff/rules/docstring-missing-returns/,https://docs.astral.sh/ruff/rules/docstring-missing-returns/,200,text retrieved; not a claim-validation verdict,2c7add74610cbaccee8a5534321c582e49e94d14658fcc53ec0764ceca16daf1
https://docs.astral.sh/ruff/rules/missing-return-type-special-method/,https://docs.astral.sh/ruff/rules/missing-return-type-special-method/,200,text retrieved; not a claim-validation verdict,8e912579d59ca95487cc97aeda7e303e16054d66433f2bbc8a65fb36119fa1b1
https://docs.astral.sh/ruff/rules/missing-type-kwargs/,https://docs.astral.sh/ruff/rules/missing-type-kwargs/,200,text retrieved; not a claim-validation verdict,1a34ae4c1aa6f4c9cec5f2ac092715765ef345fdc4be3a92571ee5fa6406a459
https://docs.astral.sh/ruff/rules/missing-type-args/,https://docs.astral.sh/ruff/rules/missing-type-args/,200,text retrieved; not a claim-validation verdict,3a40915c599a62d2299514776f63b9a748b30fa66392bd3491f8f1e9a00175a3
https://docs.astral.sh/ruff/rules/implicit-return/,https://docs.astral.sh/ruff/rules/implicit-return/,200,text retrieved; not a claim-validation verdict,8bc980b93240aca14368c64044f066e31c284b91b6663c2c8daf7c699fa4765f
https://docs.astral.sh/ruff/rules/invalid-all-format/,https://docs.astral.sh/ruff/rules/invalid-all-format/,200,text retrieved; not a claim-validation verdict,3e76295a10fa58f786d32a03cc86d23f5f149f4f40c2d10f50f73150822dd97c
https://docs.astral.sh/ruff/installation/,https://docs.astral.sh/ruff/installation/,200,text retrieved; not a claim-validation verdict,1635bdbd5693970149260ecde7622d3250eb4d8949fd6af5ca3446b2f101a0d6
https://docs.astral.sh/ruff/contributing/,https://docs.astral.sh/ruff/contributing/,200,text retrieved; not a claim-validation verdict,2cb2b84b10fcd3a476cb43df1c3adb07130aa9c9d9c7d468375f14ab4ea424bb
https://docs.astral.sh/ruff/rules/too-many-arguments/,https://docs.astral.sh/ruff/rules/too-many-arguments/,200,text retrieved; not a claim-validation verdict,3373c3f5b142c101e08d4a6bac8aa5b0e1330702253855b968c9b91404b7f307
https://docs.astral.sh/ruff/rules/too-many-statements/,https://docs.astral.sh/ruff/rules/too-many-statements/,200,text retrieved; not a claim-validation verdict,c85636c9338161bfd56e6eaff9001ee32ff18f6325a788fe1d42bd30e3ccd4d3
https://docs.astral.sh/ruff/rules/typing-only-first-party-import/,https://docs.astral.sh/ruff/rules/typing-only-first-party-import/,200,text retrieved; not a claim-validation verdict,8c0120bede1958bdbfe85d68f2bf8f745e516a0080c476f985c6f0b3c283f80a
https://docs.astral.sh/ruff/rules/builtin-import-shadowing/,https://docs.astral.sh/ruff/rules/builtin-import-shadowing/,200,text retrieved; not a claim-validation verdict,aff4fd9ecfcf75bc3324a03892f3073ca96e9eb5575038c4a5b4d3cb1bf6586b
https://wemake-python-styleguide.readthedocs.io/en/1.1.0/pages/usage/violations/complexity.html,https://wemake-python-styleguide.readthedocs.io/en/1.1.0/pages/usage/violations/complexity.html,200,text retrieved; not a claim-validation verdict,d10d662fa618f660d7963c3705ef7bd56d8cfe7f28ecf1364f5f9675f37ccdc0
https://wemake-python-styleguide.readthedocs.io/en/0.19.2/pages/usage/violations/complexity.html,https://wemake-python-styleguide.readthedocs.io/en/0.19.2/pages/usage/violations/complexity.html,200,text retrieved; not a claim-validation verdict,341af36931bf13e3211dbb9b3352a84e29a5f4d95351a324264cd73ddd8dcf09
https://wemake-python-styleguide.readthedocs.io/en/1.4.0/pages/usage/violations/complexity.html,https://wemake-python-styleguide.readthedocs.io/en/1.4.0/pages/usage/violations/complexity.html,200,text retrieved; not a claim-validation verdict,f58d6eed58b4be7182d661dbb54e795868983b1917866b8e5fb9985623b7da01
https://wemake-python-styleguide.readthedocs.io/en/latest/pages/usage/violations/best_practices.html,https://wemake-python-styleguide.readthedocs.io/en/latest/pages/usage/violations/best_practices.html,200,text retrieved; not a claim-validation verdict,40260c7c86b76f9a306b7ad79de29ce28395ebb03a826988cce3087950f4aaf9
https://wemake-python-styleguide.readthedocs.io/en/1.4.0/pages/usage/violations/best_practices.html,https://wemake-python-styleguide.readthedocs.io/en/1.4.0/pages/usage/violations/best_practices.html,200,text retrieved; not a claim-validation verdict,671a2c959f7e837eecbf287fc8c546ec0e5491ecd42f88ba67f354a9a225d99e
https://wemake-python-styleguide.readthedocs.io/en/0.19.0/pages/api/constants.html,https://wemake-python-styleguide.readthedocs.io/en/0.19.0/pages/api/constants.html,200,text retrieved; not a claim-validation verdict,cc972f5b9643e36c316ad3167027dbfe61602f4939ece060955b942c3a3bc780
https://wemake-python-styleguide.readthedocs.io/en/latest/_modules/wemake_python_styleguide/violations/complexity.html,https://wemake-python-styleguide.readthedocs.io/en/latest/_modules/wemake_python_styleguide/violations/complexity.html,200,text retrieved; not a claim-validation verdict,cf540d27cb11cb68dcf8fc29cd691b1cf361a10141924b66eaf83e1ad7966630
https://wemake-python-styleguide.readthedocs.io/en/0.16.1/pages/api/constants.html,https://wemake-python-styleguide.readthedocs.io/en/0.16.1/pages/api/constants.html,200,text retrieved; not a claim-validation verdict,c933fa88cbf760c81dde07c25542359172c2b215550bdb450c4971a483129384
https://wemake-python-styleguide.readthedocs.io/en/1.3.0/pages/api/constants.html,https://wemake-python-styleguide.readthedocs.io/en/1.3.0/pages/api/constants.html,200,text retrieved; not a claim-validation verdict,09cc2bedf183d7f61dfeb72bb5e311e909f606478ec51be776104f2bfc487e53
https://wemake-python-styleguide.readthedocs.io/en/1.2.0/pages/usage/violations/best_practices.html,https://wemake-python-styleguide.readthedocs.io/en/1.2.0/pages/usage/violations/best_practices.html,200,text retrieved; not a claim-validation verdict,dae1c34162db604d065e04b61d056c54302958384ab79e185435da33ddc0637a
https://wemake-python-styleguide.readthedocs.io/en/0.1.0/_pages/changelog.html,https://wemake-python-styleguide.readthedocs.io/en/0.1.0/_pages/changelog.html,200,text retrieved; not a claim-validation verdict,d2c9cfbfefbd86ecaba5210d8ea4d214cc358299ba04723647fd6314fb2be41f
https://wemake-python-styleguide.readthedocs.io/en/latest/pages/usage/violations/oop.html,https://wemake-python-styleguide.readthedocs.io/en/latest/pages/usage/violations/oop.html,200,text retrieved; not a claim-validation verdict,0aed78acac4faaa8f110e8cd7baac5e052467c4be60adb309b7d9cc5570f59e1
https://wemake-python-styleguide.readthedocs.io/en/0.14.0/pages/usage/violations/complexity.html,https://wemake-python-styleguide.readthedocs.io/en/0.14.0/pages/usage/violations/complexity.html,200,text retrieved; not a claim-validation verdict,1a4bd34ccebd49e0b7f4e43f147619a9c3978d007465c0ac075743b8f2db0f18
https://wemake-python-styleguide.readthedocs.io/en/latest/pages/usage/configuration.html,https://wemake-python-styleguide.readthedocs.io/en/latest/pages/usage/configuration.html,200,text retrieved; not a claim-validation verdict,6bd2f2a6c2c8a5794edc3d556a504543e00bb9d19855c5d443d794c41b5b7517
https://wemake-python-styleguide.readthedocs.io/en/0.13.3/pages/usage/violations/complexity.html,https://wemake-python-styleguide.readthedocs.io/en/0.13.3/pages/usage/violations/complexity.html,200,text retrieved; not a claim-validation verdict,5bc027e79d505b699677e7eeed50e252e4d59fc6ece16cf9d684695e6c96e6c4
https://wemake-python-styleguide.readthedocs.io/en/0.13.4/_modules/wemake_python_styleguide/violations/complexity.html,https://wemake-python-styleguide.readthedocs.io/en/0.13.4/_modules/wemake_python_styleguide/violations/complexity.html,200,text retrieved; not a claim-validation verdict,9a712104e04c4874cb95d2072ca799382feca387a635d2e6c05b97995dc099cc
https://wemake-python-styleguide.readthedocs.io/en/0.17.0/,https://wemake-python-styleguide.readthedocs.io/en/0.17.0/,200,text retrieved; not a claim-validation verdict,abddb1aac2ad1b377fbca7a10defc75719dcf3747a64ed828d8535c1043112db
https://wemake-python-styleguide.readthedocs.io/en/0.12.0/pages/usage/violations/complexity.html,https://wemake-python-styleguide.readthedocs.io/en/0.12.0/pages/usage/violations/complexity.html,200,text retrieved; not a claim-validation verdict,b7ac0aba94506f718a2c5b7d5bda7a9dae3434d000d9c2251819455b5b72e350
https://wemake-python-styleguide.readthedocs.io/en/latest/pages/usage/integrations/auto-formatters.html,https://wemake-python-styleguide.readthedocs.io/en/latest/pages/usage/integrations/auto-formatters.html,200,text retrieved; not a claim-validation verdict,2d6fa89b12a2ddcd3573ccf81c5a6592c181f3498caa3476f093a187514f2c9c
https://wemake-python-styleguide.readthedocs.io/en/1.1.0/pages/usage/violations/oop.html,https://wemake-python-styleguide.readthedocs.io/en/1.1.0/pages/usage/violations/oop.html,200,text retrieved; not a claim-validation verdict,76bdfda3f894558845aa4fd3d334bd13defc80d1f354da0cda5e630aeab45a85
https://wemake-python-styleguide.readthedocs.io/en/0.15.1/pages/usage/violations/oop.html,https://wemake-python-styleguide.readthedocs.io/en/0.15.1/pages/usage/violations/oop.html,200,text retrieved; not a claim-validation verdict,630586493e170d975ab4bbe5e3ed019ee58f939c3238fdebf4d651d72a0ee8fe
https://wemake-python-styleguide.readthedocs.io/en/0.11.0/pages/violations/oop.html,https://wemake-python-styleguide.readthedocs.io/en/0.11.0/pages/violations/oop.html,200,text retrieved; not a claim-validation verdict,a411bf98f21b7f639007d89b965147536d186dbdedcff189d07aec4662f9e0af
https://wemake-python-styleguide.readthedocs.io/en/0.15.2/,https://wemake-python-styleguide.readthedocs.io/en/0.15.2/,200,text retrieved; not a claim-validation verdict,24096cb9989ae7643bc052262a458a0d0aca54f3b480dac2135c72af2db6c351
https://wemake-python-styleguide.readthedocs.io/en/latest/pages/usage/cli.html,https://wemake-python-styleguide.readthedocs.io/en/latest/pages/usage/cli.html,200,text retrieved; not a claim-validation verdict,7b4c492904617fb3a261e05204c7a7a73d9622a099061fd7b9257622e992c2af
https://wemake-python-styleguide.readthedocs.io/en/latest/pages/changelog/index.html,https://wemake-python-styleguide.readthedocs.io/en/latest/pages/changelog/index.html,200,text retrieved; not a claim-validation verdict,bb10eb2b164e76a3e536c43c4a1264a3a12c241eae85b9e2642a690ec8017517
https://wemake-python-styleguide.readthedocs.io/en/0.12.4/pages/usage/violations/oop.html,https://wemake-python-styleguide.readthedocs.io/en/0.12.4/pages/usage/violations/oop.html,200,text retrieved; not a claim-validation verdict,42bf0ca1b65a344a61d26a559df387eedf224dbe6197934c5af3991992942535
https://import-linter.readthedocs.io/en/latest/contract_types/forbidden/,https://import-linter.readthedocs.io/en/latest/contract_types/forbidden/,200,text retrieved; not a claim-validation verdict,bcb47706cf6a34254cdd5425a67953d2099d6aac222c62181cf70e41a08c1f03
https://import-linter.readthedocs.io/en/v2.9/contract_types/independence/,https://import-linter.readthedocs.io/en/v2.9/contract_types/independence/,200,text retrieved; not a claim-validation verdict,7d793df56070ae36befcd66f644dd216b02d8dbb6b45377e98678569d72c408b
https://import-linter.readthedocs.io/en/v2.3/contract_types.html,https://import-linter.readthedocs.io/en/v2.3/contract_types.html,200,text retrieved; not a claim-validation verdict,7bdd76b501c7b6bf4c5e84599973c0ff2dd4163b39377f340cb19bc5e8c71df0
https://import-linter.readthedocs.io/en/v1.7.0/contract_types.html,https://import-linter.readthedocs.io/en/v1.7.0/contract_types.html,200,text retrieved; not a claim-validation verdict,7323f2e561cb043f9d08c5ebdfa81d68b8e902d4f7841bfd380c799ea72e9dcb
https://import-linter.readthedocs.io/en/v1.2.1/contract_types.html,https://import-linter.readthedocs.io/en/v1.2.1/contract_types.html,200,text retrieved; not a claim-validation verdict,765eb7e1e8e23e33ceb9f0a2a2a58d23c472a48227663b51cbe7971453c701d0
https://import-linter.readthedocs.io/en/v2.1/contract_types.html,https://import-linter.readthedocs.io/en/v2.1/contract_types.html,200,text retrieved; not a claim-validation verdict,2448bb918dab97ee92ebba398af80c2aaf6dd0787a47c938de3a6766d9e5aa82
https://import-linter.readthedocs.io/en/v1.0b2/contract_types.html,https://import-linter.readthedocs.io/en/v1.0b2/contract_types.html,200,text retrieved; not a claim-validation verdict,a99381ea5af5cd72c295b75ce29ffd3f284386b6c2cb7ef04268b7f716c7130e
https://import-linter.readthedocs.io/en/v1.12.0/contract_types.html,https://import-linter.readthedocs.io/en/v1.12.0/contract_types.html,200,text retrieved; not a claim-validation verdict,262a56337764d2e79008dca00b9d22b0fae71f8f75344d501505aac14a48478d
https://import-linter.readthedocs.io/en/v2.9/contract_types/forbidden/,https://import-linter.readthedocs.io/en/v2.9/contract_types/forbidden/,200,text retrieved; not a claim-validation verdict,581c7f11b3ed0cc564a6df31029d008539318596d5e8f46920f36c3c1418b5fa
https://import-linter.readthedocs.io/en/latest/contract_types/layers/,https://import-linter.readthedocs.io/en/latest/contract_types/layers/,200,text retrieved; not a claim-validation verdict,39c7440a06d31197136c4f3dfe799e9fc6d856eefedfee336c20526508da4c21
https://docs.basedpyright.com/v1.18.1/configuration/config-files/,https://docs.basedpyright.com/v1.18.1/configuration/config-files/,200,text retrieved; not a claim-validation verdict,18a9754d101509919d7fc20658bff15b1c5df581cd506cda1b094c2a9dc5b1a7
https://docs.basedpyright.com/latest/configuration/command-line/,https://docs.basedpyright.com/latest/configuration/command-line/,200,text retrieved; not a claim-validation verdict,9d9460ef51c34c5e9e50b67899c7b877a33674bba28e0d9dd1e809fe1c8075d9
https://docs.basedpyright.com/,https://docs.basedpyright.com/,200,text retrieved; not a claim-validation verdict,36a4bad7470e9a2ae9067a0d61bc99040f4d993c9319213812640ee0169136fd
https://docs.basedpyright.com/v1.28.1/configuration/command-line/,https://docs.basedpyright.com/v1.28.1/configuration/command-line/,200,text retrieved; not a claim-validation verdict,b52a0e30a6f50ee4b123ceccde277e313eeba642a496a3a0f22998c45830dc30
https://docs.basedpyright.com/v1.24.0/benefits-over-pyright/better-defaults/,https://docs.basedpyright.com/v1.24.0/benefits-over-pyright/better-defaults/,200,text retrieved; not a claim-validation verdict,f0e8d1c7c361eec700fe00b0437f197f811634cc865f7ee68c079de20cc2533a
https://docs.basedpyright.com/v1.24.0/configuration/language-server-settings/,https://docs.basedpyright.com/v1.24.0/configuration/language-server-settings/,200,text retrieved; not a claim-validation verdict,9f3405b96c1f6f0c519d8ebc013143a87504a915035c135cce5c489b78148ecc
https://docs.basedpyright.com/dev/benefits-over-pyright/better-defaults/,https://docs.basedpyright.com/dev/benefits-over-pyright/better-defaults/,200,text retrieved; not a claim-validation verdict,7756943e48011c70db06b5ef11fed54e5093a5ecd9d6cf3b99840ec83becbab2
https://docs.basedpyright.com/v1.18.2/benefits-over-pyright/errors-on-invalid-configuration/,https://docs.basedpyright.com/v1.18.2/benefits-over-pyright/errors-on-invalid-configuration/,200,text retrieved; not a claim-validation verdict,15bcf281919adf1db1e027484a279fafe5f32d5dd6c5a61d61361078b50d836e
https://docs.basedpyright.com/latest/development/localization/,https://docs.basedpyright.com/latest/development/localization/,200,text retrieved; not a claim-validation verdict,9343fe130c36b7037be86961ef8ad74f0d1fba90f5c35ef03facf582efda3eb5
https://docs.basedpyright.com/v1.36.1/benefits-over-pyright/baseline/,https://docs.basedpyright.com/v1.36.1/benefits-over-pyright/baseline/,200,text retrieved; not a claim-validation verdict,6acc578925d6c4502e1fc274a8da0b2ddc7d8a0b767e71a6ce7673c88d554ecc
https://docs.basedpyright.com/v1.32.0/installation/ides/,https://docs.basedpyright.com/v1.32.0/installation/ides/,200,text retrieved; not a claim-validation verdict,346000c379393e197b5816c170d670c8b44ea7fd355bc8dcae0388c8178fc7a3
https://docs.basedpyright.com/v1.19.0/configuration/config-files/,https://docs.basedpyright.com/v1.19.0/configuration/config-files/,200,text retrieved; not a claim-validation verdict,720d378da43a7f86fc0f7cf1e344323a624c460492aca51b99c1c9a13edcecfa
https://docs.basedpyright.com/v1.18.3/configuration/config-files/,https://docs.basedpyright.com/v1.18.3/configuration/config-files/,200,text retrieved; not a claim-validation verdict,87f8f0064ff4109370deb3caaaee299e6bebbe9b6727486e4dce0adde0058f2d
https://docs.basedpyright.com/latest/configuration/language-server-settings/,https://docs.basedpyright.com/latest/configuration/language-server-settings/,200,text retrieved; not a claim-validation verdict,ae69bc8f4eeb8b2b330108436ee36bd89ff48c3b3f864a7870823aa21d9957e4
https://docs.basedpyright.com/v1.20.0/configuration/comments/,https://docs.basedpyright.com/v1.20.0/configuration/comments/,200,text retrieved; not a claim-validation verdict,34ae642c52e679dc92d5597045f1c349e31baf8e896680e0d878d4b207ce8d95
https://docs.basedpyright.com/v1.22.1/configuration/config-files/,https://docs.basedpyright.com/v1.22.1/configuration/config-files/,200,text retrieved; not a claim-validation verdict,75f01674f661b3e484255f94bea940c1e7c5c3746db3d09699fd8613ce8f3f30
https://docs.basedpyright.com/v1.28.1/configuration/config-files/,https://docs.basedpyright.com/v1.28.1/configuration/config-files/,200,text retrieved; not a claim-validation verdict,49f6741f33b6a9bea75fd2d4321b4a9c16d231bf48cdf276842bbde9abd0c261
https://docs.basedpyright.com/v1.18.2/benefits-over-pyright/better-defaults/,https://docs.basedpyright.com/v1.18.2/benefits-over-pyright/better-defaults/,200,text retrieved; not a claim-validation verdict,bccd8e087ef81d0b56bfcded4ecfc102b04e6b3d516b263107e9a247a492429b
https://docs.basedpyright.com/v1.18.2/configuration/language-server-settings/,https://docs.basedpyright.com/v1.18.2/configuration/language-server-settings/,200,text retrieved; not a claim-validation verdict,43bc7fa4ca0639f88b23d9a13f85a3050faddf2a6e7cd4751de2c92d0f0ec423
https://docs.basedpyright.com/v1.31.3/benefits-over-pyright/baseline/,https://docs.basedpyright.com/v1.31.3/benefits-over-pyright/baseline/,200,text retrieved; not a claim-validation verdict,0c66107d00ba3e15fc019b1149ebed7872face7c82d7e4175a440697163b0f87
https://docs.basedpyright.com/v1.30.0/benefits-over-pyright/new-diagnostic-rules/,https://docs.basedpyright.com/v1.30.0/benefits-over-pyright/new-diagnostic-rules/,200,text retrieved; not a claim-validation verdict,218277a5ba26f6194999dc0a4a9f432b65275bfde1927921ccd5ed3ce8ada08b
https://docs.basedpyright.com/v1.33.0/configuration/language-server-settings/,https://docs.basedpyright.com/v1.33.0/configuration/language-server-settings/,200,text retrieved; not a claim-validation verdict,c7ad6c24030baa709c8bbd24bfe826412092f71e53c5b53ee33f536865aadcd1
https://docs.basedpyright.com/v1.28.3/configuration/language-server-settings/,https://docs.basedpyright.com/v1.28.3/configuration/language-server-settings/,200,text retrieved; not a claim-validation verdict,2c3a53504355f56cd6249233d50b08ebf7fdd2176b19a8c44f83aed3aa4a9858
https://docs.basedpyright.com/v1.30.1/configuration/language-server-settings/,https://docs.basedpyright.com/v1.30.1/configuration/language-server-settings/,200,text retrieved; not a claim-validation verdict,60eb70e397b2d4dad5149553c52cc033151a8af7d55827b5dce2e0200c1cadb2
https://docs.basedpyright.com/v1.23.1/benefits-over-pyright/better-defaults/,https://docs.basedpyright.com/v1.23.1/benefits-over-pyright/better-defaults/,200,text retrieved; not a claim-validation verdict,5172c5500a176e211352bc7b7accae25971372ffc6e7fd42d5a5682be474f837
https://docs.basedpyright.com/dev/usage/mypy-comparison/,https://docs.basedpyright.com/dev/usage/mypy-comparison/,200,text retrieved; not a claim-validation verdict,92fce9024f4033a06c31a2d34bd17277c19a8f9bc27bdc34fb8cc1c1e41a2915
https://docs.basedpyright.com/v1.27.1/configuration/language-server-settings/,https://docs.basedpyright.com/v1.27.1/configuration/language-server-settings/,200,text retrieved; not a claim-validation verdict,631941724848acb562fa2097d18817118189f454e2ff069ed10e761b9bbbb9df
https://docs.basedpyright.com/v1.21.1/configuration/command-line/,https://docs.basedpyright.com/v1.21.1/configuration/command-line/,200,text retrieved; not a claim-validation verdict,29e8db6054f5930bc6ee01e1e28117cdad39e042a4d130d068606382c37de182
https://docs.basedpyright.com/v1.29.2/benefits-over-pyright/new-diagnostic-rules/,https://docs.basedpyright.com/v1.29.2/benefits-over-pyright/new-diagnostic-rules/,200,text retrieved; not a claim-validation verdict,4c2bc6081b6b73dc94b47dc7dffb288eed903e7e1624e8f139f2bc62a00f9de0
https://docs.basedpyright.com/v1.28.0/benefits-over-pyright/new-diagnostic-rules/,https://docs.basedpyright.com/v1.28.0/benefits-over-pyright/new-diagnostic-rules/,200,text retrieved; not a claim-validation verdict,8af16d7d4b7ec40233ffd297bb586e899c12b0678aefe5aae7f70c3bf2dd739f
https://docs.pytest.org/en/stable/deprecations.html,https://docs.pytest.org/en/stable/deprecations.html,200,text retrieved; not a claim-validation verdict,5aa37209b4e65946cbf743bedcd1d72ad55509014e692e4f2bb103bbca458220
https://docs.pytest.org/en/latest/reference/reference.html,https://docs.pytest.org/en/latest/reference/reference.html,200,text retrieved; not a claim-validation verdict,97b2d20c026c361562dec7301f3bf328b0d39dfac7eb4edf4ae1a13eaffc8da3
https://docs.pytest.org/en/latest/deprecations.html?highlight=pytest_collect_make_item,https://docs.pytest.org/en/latest/deprecations.html?highlight=pytest_collect_make_item,200,text retrieved; not a claim-validation verdict,34a1c317cc164fcb90b76ff9c76d87e49129fa9b499ce3b79882cf5abefd2a85
https://docs.pytest.org/en/7.1.x/reference/reference.html,https://docs.pytest.org/en/7.1.x/reference/reference.html,200,text retrieved; not a claim-validation verdict,0648addbceaf06b0be2b76172d3da4ce6d0cdfbf3c5dded4e08ee4cdeaf8a707
https://docs.pytest.org/en/latest/changelog.html,https://docs.pytest.org/en/latest/changelog.html,200,text retrieved; not a claim-validation verdict,682563e3ddc7db417cb7615338fefe8848329c38b6d165feff2551064e3b5d04
https://docs.pytest.org/en/latest/how-to/mark.html,https://docs.pytest.org/en/latest/how-to/mark.html,200,text retrieved; not a claim-validation verdict,90bf3b28acfb81504c4e1aa61bdc148b5cd989aa2c350db9e6c2ec23bb30874e
https://docs.pytest.org/en/6.2.x/mark.html,https://docs.pytest.org/en/6.2.x/mark.html,200,text retrieved; not a claim-validation verdict,f257e8a2a4666c44db6182cb50464cb45cf6bdac53c91adbcaf98b981ff7949c
https://docs.pytest.org/en/7.1.x/deprecations.html,https://docs.pytest.org/en/7.1.x/deprecations.html,200,text retrieved; not a claim-validation verdict,b8aa237cf400f7f2da5c3ccd55ee2edad296a6c85268ba931dafaa6708cfbf6a
https://docs.pytest.org/en/4.6.x/reference.html,https://docs.pytest.org/en/4.6.x/reference.html,200,text retrieved; not a claim-validation verdict,177a0b5d509bfcd3e4c31c4af8c961cadc0388030a168fd2d004f4bfb0cb7f54
https://docs.pytest.org/en/stable/announce/release-2.2.0.html,https://docs.pytest.org/en/stable/announce/release-2.2.0.html,200,text retrieved; not a claim-validation verdict,5f91f88c47d6858153375dd31e38a8cfa08e33c6c9959ed6cc6ba8c1c547517e
https://docs.pytest.org/en/7.1.x/_modules/_pytest/main.html,https://docs.pytest.org/en/7.1.x/_modules/_pytest/main.html,200,text retrieved; not a claim-validation verdict,09ea6d913499c2c83c1d5660a71af2609876d1f5733a915b2710becaff922a8d
https://docs.pytest.org/en/4.6.x/mark.html,https://docs.pytest.org/en/4.6.x/mark.html,200,text retrieved; not a claim-validation verdict,3eaa7725c6218c882859291aac3d7c8d50102fd901c9f17ca24ca0217361e690
https://docs.pydantic.dev/fastui/,https://docs.pydantic.dev/fastui/,200,text retrieved; not a claim-validation verdict,56170ac3295196976d4a693586730be49969ab309f7cb9dd5c091b90a42a5c97
https://docs.pydantic.dev/fastui/api/python_components/,https://docs.pydantic.dev/fastui/api/python_components/,200,text retrieved; not a claim-validation verdict,c0f557c70c3976f9d746f827892a8d06c8e691ffb476004417f9944dbe428254
https://docs.astral.sh/ruff/rules/too-many-locals/,https://docs.astral.sh/ruff/rules/too-many-locals/,200,text retrieved; not a claim-validation verdict,ab0e37d4a50865535a0f27b1a31f735d12d83040a2d5edbc164c2a7153a0bd4b
https://docs.astral.sh/ruff/rules/too-many-nested-blocks/,https://docs.astral.sh/ruff/rules/too-many-nested-blocks/,200,text retrieved; not a claim-validation verdict,6362ae3bb03d8b52b6e20cbfd3c90f7588964b779c63c80e57edcb3c16deac35
https://docs.astral.sh/ruff/rules/too-many-public-methods/,https://docs.astral.sh/ruff/rules/too-many-public-methods/,200,text retrieved; not a claim-validation verdict,38cbbc44b059ca5fcffe4e56ee65c3a30281792490ff0539ea1e7fd9282975b5
https://docs.astral.sh/ruff/rules/too-many-positional-arguments/,https://docs.astral.sh/ruff/rules/too-many-positional-arguments/,200,text retrieved; not a claim-validation verdict,b54496075158286f6648654ef70616388895657b36a6c1157803c8eb95d39e93
https://docs.basedpyright.com/v1.29.2/benefits-over-pyright/better-defaults/,https://docs.basedpyright.com/v1.29.2/benefits-over-pyright/better-defaults/,200,text retrieved; not a claim-validation verdict,12928300d031900ef776eeda477708a9afae2a6acf9742cd15175946d1d28679
https://docs.astral.sh/uv/concepts/projects/dependencies/,https://docs.astral.sh/uv/concepts/projects/dependencies/,200,text retrieved; not a claim-validation verdict,2b7ed177ccbffbb7c40bc9e4bc88a06028c11e70512fa39df3693f989fe85a50
https://docs.astral.sh/uv/concepts/projects/sync/,https://docs.astral.sh/uv/concepts/projects/sync/,200,text retrieved; not a claim-validation verdict,4bd4a89338543bf671bd036a52bc666a295986c7c72ea175d95d1c2ac228e0cf
https://wemake-python-styleguide.readthedocs.io/en/latest/pages/usage/violations/consistency.html,https://wemake-python-styleguide.readthedocs.io/en/latest/pages/usage/violations/consistency.html,200,text retrieved; not a claim-validation verdict,ff58c4ea62c37ba58de83117a29c9a0a1f11e32b18f8928dc77d2174e3817768
https://docs.astral.sh/ty/reference/typing-faq/,https://docs.astral.sh/ty/reference/typing-faq/,200,text retrieved; not a claim-validation verdict,352565096bd78eab12625a6c33bc524b8b50934eb6984cc6637044ccc39e8c64
https://docs.astral.sh/uv/configuration/build-backend/,https://docs.astral.sh/uv/configuration/build-backend/,200,text retrieved; not a claim-validation verdict,78f671fa52f1285e80b2dd993c014f5ce38c6c66fe0726c24b0d7fe0175367cc
https://docs.astral.sh/uv/reference/internals/metadata/,https://docs.astral.sh/uv/reference/internals/metadata/,200,text retrieved; not a claim-validation verdict,e9ab96938664e9207755460d4ee6f2c039700090c4511c9c8a791e7f8dac6b7a
https://docs.astral.sh/uv/concepts/resolution/,https://docs.astral.sh/uv/concepts/resolution/,200,text retrieved; not a claim-validation verdict,36b1774f36dc3337e851b523ddc2c5540e3b636c3e2c3e06e4196bea35def13f
https://docs.astral.sh/uv/guides/migration/pip-to-project/,https://docs.astral.sh/uv/guides/migration/pip-to-project/,200,text retrieved; not a claim-validation verdict,2f78e59666ae77e8e9f05913885c103c7a63d6c9f34fa2b6de58cc39bc845740
https://docs.astral.sh/uv/configuration/files/,https://docs.astral.sh/uv/configuration/files/,200,text retrieved; not a claim-validation verdict,74110714f4081381c4d408de83caacb16246fdac013f1bb3196147fc83abf0f8
https://docs.astral.sh/uv/reference/policies/versioning/,https://docs.astral.sh/uv/reference/policies/versioning/,200,text retrieved; not a claim-validation verdict,896d622675d46557f6cee678b31e34ce95f0c983953d558468a69152ecc91b37
https://docs.astral.sh/uv/reference/settings/,https://docs.astral.sh/uv/reference/settings/,200,text retrieved; not a claim-validation verdict,7391fc3c3d7b840d462b2afe1f9c6e0d26e3b205199f9a26348e9dc615b10628
https://docs.astral.sh/uv/concepts/projects/build/,https://docs.astral.sh/uv/concepts/projects/build/,200,text retrieved; not a claim-validation verdict,81ad0623ff4a0a3404cf1b29854ee5bcbcbd4b78d34e36b74cbe943b2ab53ee4
https://docs.astral.sh/uv/pip/packages/,https://docs.astral.sh/uv/pip/packages/,200,text retrieved; not a claim-validation verdict,af0537c235777544696b2b5d3555d9a3d721d627f090fb261917493258e494aa
https://docs.astral.sh/uv/concepts/authentication/git/,https://docs.astral.sh/uv/concepts/authentication/git/,200,text retrieved; not a claim-validation verdict,7008ec3fdbbd9d04b4f0841ceb762f91e4f39d7878deeca0ef5deb6b70acbf89
https://docs.astral.sh/ruff/rules/too-many-boolean-expressions/,https://docs.astral.sh/ruff/rules/too-many-boolean-expressions/,200,text retrieved; not a claim-validation verdict,08854f170b7f6a8f009a71c93968e60e7d11686d781f4e46ee168ff502b31d73
https://docs.astral.sh/ruff/rules/multiple-with-statements/,https://docs.astral.sh/ruff/rules/multiple-with-statements/,200,text retrieved; not a claim-validation verdict,6baa05977ee660cea3a6cfe5e0cbe9a1e97df2eec611bc2a8730d7d8879739af
https://docs.astral.sh/ruff/rules/too-many-branches/,https://docs.astral.sh/ruff/rules/too-many-branches/,200,text retrieved; not a claim-validation verdict,c30a3155ced224575548a1defb3a2376e697a90fe17bd5dd516d203cda15ecec
https://docs.astral.sh/ruff/rules/bad-staticmethod-argument/,https://docs.astral.sh/ruff/rules/bad-staticmethod-argument/,200,text retrieved; not a claim-validation verdict,35ecbb7e09676738b230683b10f26568378410d2412a363a03da40d3d3425663
https://docs.astral.sh/ruff/rules/non-augmented-assignment/,https://docs.astral.sh/ruff/rules/non-augmented-assignment/,200,text retrieved; not a claim-validation verdict,6b7bdc49be81c12e8a6272206d54dfd4e9695565c1b60c87be3f3da399b770b1
https://docs.astral.sh/ruff/rules/suspicious-non-cryptographic-random-usage/,https://docs.astral.sh/ruff/rules/suspicious-non-cryptographic-random-usage/,200,text retrieved; not a claim-validation verdict,d778240f9e0afcb33cc9d62683abe6d1088e2f6865b8be76fcd88539eeec0a24
https://docs.astral.sh/ruff/rules/class-as-data-structure/,https://docs.astral.sh/ruff/rules/class-as-data-structure/,200,text retrieved; not a claim-validation verdict,a172389defec02260c1327e05809df3554ef97f62d79cdccdf783ee3eeac26ac
https://docs.astral.sh/ruff/rules/mixed-case-variable-in-class-scope/,https://docs.astral.sh/ruff/rules/mixed-case-variable-in-class-scope/,200,text retrieved; not a claim-validation verdict,71d2e84662464da1e2dafcbf237aa80827e5824e646b0407f55ee9a1a43d233f
https://docs.astral.sh/ruff/rules/implicit-optional/,https://docs.astral.sh/ruff/rules/implicit-optional/,200,text retrieved; not a claim-validation verdict,fdf0f42b05ad9a3645017927d7614a1330fa82889382c446371306b6def370ab
https://docs.astral.sh/ruff/rules/unnecessary-nested-literal/,https://docs.astral.sh/ruff/rules/unnecessary-nested-literal/,200,text retrieved; not a claim-validation verdict,be1a3cafd746101008b827e3c7f1062875991fbacc206948d087b7d6b2ee699c
https://docs.astral.sh/ruff/rules/type-comparison/,https://docs.astral.sh/ruff/rules/type-comparison/,200,text retrieved; not a claim-validation verdict,0d9c6b54c30c6aa5e55f6782a08d293d09b94cc6e29a99c2d07be193b3ff4280
https://docs.basedpyright.com/latest/development/contributing/,https://docs.basedpyright.com/latest/development/contributing/,200,text retrieved; not a claim-validation verdict,cc170c014f967e17bcdde3704f48a09eda119d7c5f799223ffa8c5c0f9194d95
https://docs.basedpyright.com/v1.39.8/installation/ides/,https://docs.basedpyright.com/v1.39.8/installation/ides/,200,text retrieved; not a claim-validation verdict,8d35cc4a52e9c0276ad7f65901750ce3bcf79baa0e6e99f22cf0f6c5d7f268a4
https://docs.basedpyright.com/v1.31.1/development/contributing/,https://docs.basedpyright.com/v1.31.1/development/contributing/,200,text retrieved; not a claim-validation verdict,71c9cc840920898e47ab6d765f4a247faf9edf8d7879a36c7376d1665d7a3d1b
https://docs.basedpyright.com/v1.29.2/development/contributing/,https://docs.basedpyright.com/v1.29.2/development/contributing/,200,text retrieved; not a claim-validation verdict,c2bbd05e48162b4a7f42ebbdb3411b53c872c3ed1e926c0494a50c7a64b1170d
https://docs.basedpyright.com/v1.20.0/installation/command-line-and-language-server/,https://docs.basedpyright.com/v1.20.0/installation/command-line-and-language-server/,200,text retrieved; not a claim-validation verdict,74b68afb529baebb00cdc70a4ed96bc1c5fef9730bdae48752c2f24b4c6d5bac
https://docs.basedpyright.com/dev/installation/command-line-and-language-server/,https://docs.basedpyright.com/dev/installation/command-line-and-language-server/,200,text retrieved; not a claim-validation verdict,fb8f89211addc96cd6c3391a13c36f72b94f573680ca3095744bef655cc6c4ad
https://docs.python.org/pl/3/reference/simple_stmts.html,https://docs.python.org/pl/3/reference/simple_stmts.html,200,text retrieved; not a claim-validation verdict,13392d1a95323e7d374a1a0d7edd4c4b867f0c1488fb58728bc38f2b541f7e09
https://docs.python.org/3.12/reference/import.html,https://docs.python.org/3.12/reference/import.html,200,text retrieved; not a claim-validation verdict,f5fed18f5466b8b65b6f85e3ee8bcfd289178fc8504d847eb34f4d353c911f92
https://github.com/python/cpython/blob/main/Lib/os.py,https://github.com/python/cpython/blob/main/Lib/os.py,200,text retrieved; not a claim-validation verdict,cb1dd8b85a3b7519b968bf7050cb7a95720da5363e1a772db86d7e20c75abd4e
https://github.com/python/cpython/blob/main/Doc%2Flibrary%2Fos.path.rst,https://github.com/python/cpython/blob/main/Doc%2Flibrary%2Fos.path.rst,200,text retrieved; not a claim-validation verdict,695e4c088890d902080cafa8e3028cbd971c2d259d201d54c2ddf6416d97b23c
https://wemake-python-styleguide.readthedocs.io/en/latest/pages/usage/violations/naming.html,https://wemake-python-styleguide.readthedocs.io/en/latest/pages/usage/violations/naming.html,200,text retrieved; not a claim-validation verdict,080f995c74a1eb17c188b389b33b78e128292349776bacfc4f4154dcfc335723
https://wemake-python-styleguide.readthedocs.io/en/latest/_modules/wemake_python_styleguide/violations/best_practices.html,https://wemake-python-styleguide.readthedocs.io/en/latest/_modules/wemake_python_styleguide/violations/best_practices.html,200,text retrieved; not a claim-validation verdict,0383546231e154ea1cd19262758ca88d4205bdc63290e23096a076e9c8830191
https://wemake-python-styleguide.readthedocs.io/en/latest/_modules/wemake_python_styleguide/violations/oop.html,https://wemake-python-styleguide.readthedocs.io/en/latest/_modules/wemake_python_styleguide/violations/oop.html,200,text retrieved; not a claim-validation verdict,9cddb7f884ac8183354f805bb8c6aef232d1c2eb4f838998e9bd870241ad5e4a
https://wemake-python-styleguide.readthedocs.io/en/0.16.1/pages/usage/violations/best_practices.html,https://wemake-python-styleguide.readthedocs.io/en/0.16.1/pages/usage/violations/best_practices.html,200,text retrieved; not a claim-validation verdict,4023a8cfc84e24bfdee3e279684e1378e03cbdbfa5338e1fcc7c9c34a7965e51
https://docs.python.org/3/library/os.path.html,https://docs.python.org/3/library/os.path.html,200,text retrieved; not a claim-validation verdict,21227e4d8f72f364f419f1b1319d1c6ca88ac6b74d24e2d01b9bff6c20db3e12
https://docs.python.org/3/library/os.html,https://docs.python.org/3/library/os.html,200,text retrieved; not a claim-validation verdict,e096d2d5e32da9e156a8a62931e15dee6f23a383b6df37c3a1e03ecd398e353b
https://docs.python.org/es/3/library/os.path.html,https://docs.python.org/es/3/library/os.path.html,200,text retrieved; not a claim-validation verdict,ca33b1b4645db0280d88c9f1997de56475a8c49a83a0ffeb37d69f47e1b5df25
https://docs.python.org/3/library/importlib.html,https://docs.python.org/3/library/importlib.html,200,text retrieved; not a claim-validation verdict,17d8a5309ed3c1e2dcb1ccdbfa0477289360e249e708ac3fcb0602a2488f949c
https://docs.python.org/es/3.13/reference/simple_stmts.html,https://docs.python.org/es/3.13/reference/simple_stmts.html,200,text retrieved; not a claim-validation verdict,b12ca9201e9a1890835b9870e75218cc8a4753e759d3c8f9e8fdfe6d3f0101c3
https://docs.python.org/pt-br/3.13/reference/simple_stmts.html,https://docs.python.org/pt-br/3.13/reference/simple_stmts.html,200,text retrieved; not a claim-validation verdict,6520d3e2edab5eaab5ace80ebfb06115da9214402d50d2df4f04757318c1e03b
https://docs.python.org/pl/3.13/library/os.path.html,https://docs.python.org/pl/3.13/library/os.path.html,200,text retrieved; not a claim-validation verdict,8fbfe38ff950fdaf683604fd03b66cb697c13a2c874defe8daafed02b44824c8
https://docs.python.org/3/library/filesys.html,https://docs.python.org/3/library/filesys.html,200,text retrieved; not a claim-validation verdict,0397d260a5ca9a6478bb743ea47c66de04b4824495a79812298a101f0a8bb096
https://docs.python.org/pt-br/3/library/os.path.html,https://docs.python.org/pt-br/3/library/os.path.html,200,text retrieved; not a claim-validation verdict,7134dd7fa15d241964c572f187a02e1eae7858dea3c57cea9b1e1a4a54a2da55
https://docs.python.org/uk/3.13/reference/simple_stmts.html,https://docs.python.org/uk/3.13/reference/simple_stmts.html,200,text retrieved; not a claim-validation verdict,278e4ce99a9c19563cb9b05e82db5772d13d764617cb4da9cb81e8c3b7e26de5
https://docs.python.org/uk/3.14/library/os.path.html,https://docs.python.org/uk/3.14/library/os.path.html,200,text retrieved; not a claim-validation verdict,12b115ad4fe94f870c006c89fe0fd1bac4ba9007944a4f38b8fb3bc47615be72
https://docs.python.org/uk/3/reference/simple_stmts.html,https://docs.python.org/uk/3/reference/simple_stmts.html,200,text retrieved; not a claim-validation verdict,7904bf8c8a15ebdde6a2923d2e212710af8b4af49fa57c8354e63a2da68dde03
https://docs.python.org/3/library/os.path.html?highlight=basename,https://docs.python.org/3/library/os.path.html?highlight=basename,200,text retrieved; not a claim-validation verdict,21227e4d8f72f364f419f1b1319d1c6ca88ac6b74d24e2d01b9bff6c20db3e12
https://docs.python.org/3.13/tutorial/modules.html,https://docs.python.org/3.13/tutorial/modules.html,200,text retrieved; not a claim-validation verdict,af2d9670ea63bd0dae86dff8ecebcab671a7d9de3204c39489f38c9218bad5d5
https://docs.python.org/3.15/library/importlib.html,https://docs.python.org/3.15/library/importlib.html,200,text retrieved; not a claim-validation verdict,47b7df2d98075ad0e68be5a34ff62a4a0cd9c24d30233fa1cbad5ececb05fdc7
https://docs.python.org/tr/3/library/os.path.html,https://docs.python.org/tr/3/library/os.path.html,200,text retrieved; not a claim-validation verdict,0186bf3a94ad19062a0c1befe53648cce9375c2b4cc663a3d1e53856d5c610fb
https://docs.python.org/fr/3.16/library/os.path.html,https://docs.python.org/fr/3.16/library/os.path.html,200,text retrieved; not a claim-validation verdict,8e79d5c8cfe235808a04e78fa315d1118c212184309bb538beca8fe1bdadb651
https://docs.python.org/es/dev/reference/simple_stmts.html,https://docs.python.org/es/dev/reference/simple_stmts.html,200,text retrieved; not a claim-validation verdict,c3aa0c49d5f7e390a697f3afaa9a4e6d5a2b90ef35d9d7a03b47d7b5935accdb
https://docs.python.org/sv/3.15/reference/simple_stmts.html,https://docs.python.org/sv/3.15/reference/simple_stmts.html,200,text retrieved; not a claim-validation verdict,caf9c69679602cb3749935e6c2328afe84a25901c1574acf502c71176d47646d
https://docs.python.org/fr/3.15/reference/simple_stmts.html,https://docs.python.org/fr/3.15/reference/simple_stmts.html,200,text retrieved; not a claim-validation verdict,4b0f9b3a4f0b2361093b15c09f5ad5f9c44c85218c8fd4d5644be553bb54b7bc
https://docs.python.org/pl/3/library/importlib.html,https://docs.python.org/pl/3/library/importlib.html,200,text retrieved; not a claim-validation verdict,d052b302d7e26115fdb1bb8d5494160ba81dc678e57508688149027407b77325
https://docs.python.org/3.14/library/os.path.html,https://docs.python.org/3.14/library/os.path.html,200,text retrieved; not a claim-validation verdict,21227e4d8f72f364f419f1b1319d1c6ca88ac6b74d24e2d01b9bff6c20db3e12
https://docs.python.org/id/dev/library/os.path.html,https://docs.python.org/id/dev/library/os.path.html,200,text retrieved; not a claim-validation verdict,704ad08f16f21eb4c68c016562517e0a8b8324a7eb8d3c003f7beeb6ca357d36
https://docs.python.org/el/dev/reference/simple_stmts.html,https://docs.python.org/el/dev/reference/simple_stmts.html,200,text retrieved; not a claim-validation verdict,4fc25a1f94a843e14fb3b195472808d510426d4ad7278d14def19b5da9968edd
https://docs.python.org/uk/3.9/library/imp.html,https://docs.python.org/uk/3.9/library/imp.html,200,text retrieved; not a claim-validation verdict,659284895b22ea43c7cc6a720f5efed8c97f9b3a410f21711f7dab7b51587b68
https://docs.python.org/es/3.9/reference/simple_stmts.html,https://docs.python.org/es/3.9/reference/simple_stmts.html,200,text retrieved; not a claim-validation verdict,4da7bf71adb9e718a9e1339ba6c863fc814d6db0bfb4007d4a05f1321fcef8e7
https://docs.python.org/uk/3.9/library/os.path.html,https://docs.python.org/uk/3.9/library/os.path.html,200,text retrieved; not a claim-validation verdict,8563153ebb39d155f9f6c00cbe9e3d106d2e13e8eec1c8a1c14762a4f9cb84a1
https://docs.python.org/3.10/library/os.path.html,https://docs.python.org/3.10/library/os.path.html,200,text retrieved; not a claim-validation verdict,1acc51e77ebf23983cd3ad1277ab41c19c5e664e64cfcdc97d4b4a357b69b0e1
https://docs.python.org/ro/3.10/library/os.path.html,https://docs.python.org/ro/3.10/library/os.path.html,200,text retrieved; not a claim-validation verdict,e5550616fce06e498f8eb74780e897836c0a34cd32c15128eae872bf37844c2a
https://docs.python.org/3.10/library/os.path.html?highlight=isdir,https://docs.python.org/3.10/library/os.path.html?highlight=isdir,200,text retrieved; not a claim-validation verdict,1acc51e77ebf23983cd3ad1277ab41c19c5e664e64cfcdc97d4b4a357b69b0e1
https://docs.python.org/3.10/library/importlib.html,https://docs.python.org/3.10/library/importlib.html,200,text retrieved; not a claim-validation verdict,1fe499dd6dcafee01811dc628b0e769bb4c8902b94875d82123ef8c99ee2ad24
https://docs.python.org/id/3.10/reference/simple_stmts.html,https://docs.python.org/id/3.10/reference/simple_stmts.html,200,text retrieved; not a claim-validation verdict,80be709b57e3bce566e9bf0b20b34d7c0f1ef6b585fd2a48848522179014261f
https://docs.python.org/3.12/library/os.path.html,https://docs.python.org/3.12/library/os.path.html,200,text retrieved; not a claim-validation verdict,b470508917da0d77a709a260235128c389aca38e99a9a5cebee4beb18678ae65
https://docs.python.org/3.11/library/os.path.html?highlight=path+exists,https://docs.python.org/3.11/library/os.path.html?highlight=path+exists,200,text retrieved; not a claim-validation verdict,4e92078dd25dbfed4473e650ecfb5ee77e2ef34c55161f3bf02db2d0d1c5b1e5
https://docs.python.org/pl/3.11/library/os.path.html,https://docs.python.org/pl/3.11/library/os.path.html,200,text retrieved; not a claim-validation verdict,4dcfc29dbe4916234892263e566777d29fa7c2847cdff4b49030e3d681c417a6
https://docs.python.org/el/3.11/library/os.path.html,https://docs.python.org/el/3.11/library/os.path.html,200,text retrieved; not a claim-validation verdict,c912a69ff697016e91fcd4990b039ce2fdd1250ee317c66e2e4b2d1e73048fb2
https://docs.python.org/3.12/library/importlib.html,https://docs.python.org/3.12/library/importlib.html,200,text retrieved; not a claim-validation verdict,9acd09460e219ae846e3457bcd9326d6f52a1b87067fdbffbc1d88535a628f94
https://docs.python.org/3.11/library/importlib.html,https://docs.python.org/3.11/library/importlib.html,200,text retrieved; not a claim-validation verdict,8c8727d24ba5f23ced0934ae169aad7e2523b9f62eda17aa9d18372498063287
https://docs.python.org/fr/3.11/library/importlib.html,https://docs.python.org/fr/3.11/library/importlib.html,200,text retrieved; not a claim-validation verdict,482db99e522957f51581101f071f5c86b993190853997b249e664087a7ff61a5
https://docs.python.org/bn-in/3.12/reference/simple_stmts.html,https://docs.python.org/bn-in/3.12/reference/simple_stmts.html,200,text retrieved; not a claim-validation verdict,3439057f1374fd3afa4429133ae0680678b6002298fad369f3bbb0df5e7a3eff
https://docs.python.org/uk/3.11/reference/simple_stmts.html,https://docs.python.org/uk/3.11/reference/simple_stmts.html,200,text retrieved; not a claim-validation verdict,b6a46d60b7427a68e45716664ce8abfa581d9d885ddff84a3a0507d86c4294d4
https://docs.python.org/ja/3.11/reference/simple_stmts.html,https://docs.python.org/ja/3.11/reference/simple_stmts.html,200,text retrieved; not a claim-validation verdict,eea8695f17a09e634f20d9dae483152e5bbbd60d091c0dabb0e894b4f17168d6
https://docs.python.org/uk/3.12/reference/simple_stmts.html,https://docs.python.org/uk/3.12/reference/simple_stmts.html,200,text retrieved; not a claim-validation verdict,5d4c42ff2cbf94f4b98f4c1af393300f0da8e20613c885192a68384941e4c3fb
https://docs.python.org/uk/3.11/library/os.path.html,https://docs.python.org/uk/3.11/library/os.path.html,200,text retrieved; not a claim-validation verdict,44ed345b7b87e49e5c41e8ed86c37d2b0c05157cd776d8c961e3c0643b4a8332
https://docs.python.org/3.9/library/os.path.html,https://docs.python.org/3.9/library/os.path.html,200,text retrieved; not a claim-validation verdict,a8b39b79dedb45e454bf5ae22b2c1071a0f22bd59d589723c27753e22c1631d6
https://docs.python.org/3.9/library/importlib.html,https://docs.python.org/3.9/library/importlib.html,200,text retrieved; not a claim-validation verdict,5e95b518afd6a88c9e72e8629726fc624a1c0251fc86970f0a2cef525bb92a4e
https://docs.python.org/3.9/reference/import.html,https://docs.python.org/3.9/reference/import.html,200,text retrieved; not a claim-validation verdict,3c794ecca59d2864908d0ecae4a718aa92e7f2b1d2173958ba0c8b0318c2f814
https://github.com/python/cpython/issues/119920,https://github.com/python/cpython/issues/119920,200,text retrieved; not a claim-validation verdict,4f96898daa1c1bcaf76d5ef1e7c78d4a1d90aad57af64962b0b2d9867547cebc
https://docs.python.org/fr/3.7/reference/simple_stmts.html,https://docs.python.org/fr/3.7/reference/simple_stmts.html,200,text retrieved; not a claim-validation verdict,780235560a8d7297ccb7537c81c25fa14de09edfc44fa2b9ae2f3eea4fa58a29
https://docs.python.org/ja/3.5/reference/simple_stmts.html,https://docs.python.org/ja/3.5/reference/simple_stmts.html,200,text retrieved; not a claim-validation verdict,cc246770ca778928d54b3b08e9d10726caad5b44aab8d9f8861a88ba0f24dfca
https://docs.python.org/zh-cn/3.5/reference/simple_stmts.html,https://docs.python.org/zh-cn/3.5/reference/simple_stmts.html,200,text retrieved; not a claim-validation verdict,0e6d14c7e30b9338aeba71fb7312c4e224f0a2ea36da13c2f4618112361ec8e0
https://wemake-python-styleguide.readthedocs.io/en/stable/pages/usage/violations/consistency.html,https://wemake-python-styleguide.readthedocs.io/en/stable/pages/usage/violations/consistency.html,200,text retrieved; not a claim-validation verdict,8ff6d2e5d25e33f275730bb0291ac6830a6d0edb435132d6a9ecb6bd541e5ea5
https://wemake-python-styleguide.readthedocs.io/en/1.0.0/pages/usage/violations/consistency.html,https://wemake-python-styleguide.readthedocs.io/en/1.0.0/pages/usage/violations/consistency.html,200,text retrieved; not a claim-validation verdict,dc5a9198b6b34cf2635df1ab84e0b04e3aac6f192890c793c057663c99f71c8f
https://wemake-python-styleguide.readthedocs.io/en/1.2.0/pages/usage/violations/consistency.html,https://wemake-python-styleguide.readthedocs.io/en/1.2.0/pages/usage/violations/consistency.html,200,text retrieved; not a claim-validation verdict,08f0d8b66918c884ba68aa598dedc24dadc8b02741a886cf2963ccb6845f58b5
https://wemake-python-styleguide.readthedocs.io/en/latest/pages/usage/violations/index.html,https://wemake-python-styleguide.readthedocs.io/en/latest/pages/usage/violations/index.html,200,text retrieved; not a claim-validation verdict,6f61d7e49103b4f44981629dc7a6d3a7f4ac262aa440e16ede6d7cb73d0b2676
https://wemake-python-styleguide.readthedocs.io/en/0.19.0/_modules/wemake_python_styleguide/violations/consistency.html,https://wemake-python-styleguide.readthedocs.io/en/0.19.0/_modules/wemake_python_styleguide/violations/consistency.html,200,text retrieved; not a claim-validation verdict,22a9a8c428155957864a320577df3d16cfa5f28e3e06b96874f5deccbf9ab672
https://wemake-python-styleguide.readthedocs.io/en/0.16.1/pages/usage/configuration.html,https://wemake-python-styleguide.readthedocs.io/en/0.16.1/pages/usage/configuration.html,200,text retrieved; not a claim-validation verdict,acd6c611e8021a39de893422138e298fbf975f25e75cf1574dbc13be96c98259
https://wemake-python-styleguide.readthedocs.io/en/0.13.4/pages/usage/violations/consistency.html,https://wemake-python-styleguide.readthedocs.io/en/0.13.4/pages/usage/violations/consistency.html,200,text retrieved; not a claim-validation verdict,6bcadfec7d0c64b730cce785eda0c970f4f25377943079290c52fb773ea8185d
https://wemake-python-styleguide.readthedocs.io/en/0.6.3/pages/violations/consistency.html,https://wemake-python-styleguide.readthedocs.io/en/0.6.3/pages/violations/consistency.html,200,text retrieved; not a claim-validation verdict,7e0f28243f2185bb1aebcd5574c96bf1c06d2127670597ceaa05f31a5235fa55
https://wemake-python-styleguide.readthedocs.io/en/0.14.1/pages/usage/violations/consistency.html,https://wemake-python-styleguide.readthedocs.io/en/0.14.1/pages/usage/violations/consistency.html,200,text retrieved; not a claim-validation verdict,aaaef2cbff7d483a0445373b929bc6d442b7ca74b72ef299f2e97684cafa6f78
https://wemake-python-styleguide.readthedocs.io/en/0.5.0/pages/violations/consistency.html,https://wemake-python-styleguide.readthedocs.io/en/0.5.0/pages/violations/consistency.html,200,text retrieved; not a claim-validation verdict,8923ddc5b06c5a8e87a5a6c7f9fc40e405794e6fb28c847dee357e2cc711f2ec
https://wemake-python-styleguide.readthedocs.io/en/0.9.0/pages/violations/consistency.html,https://wemake-python-styleguide.readthedocs.io/en/0.9.0/pages/violations/consistency.html,200,text retrieved; not a claim-validation verdict,3dae19172aea89d361ae53913aeb9e746be6040c1a153829393c74d39506f685
https://wemake-python-styleguide.readthedocs.io/en/0.19.2/pages/usage/configuration.html,https://wemake-python-styleguide.readthedocs.io/en/0.19.2/pages/usage/configuration.html,200,text retrieved; not a claim-validation verdict,f0f0fa54d9adac795863af9c306c5de533b798cd5c90aaacaaa6ce07eae823eb
https://wemake-python-styleguide.readthedocs.io/en/0.12.1/pages/usage/violations/consistency.html,https://wemake-python-styleguide.readthedocs.io/en/0.12.1/pages/usage/violations/consistency.html,200,text retrieved; not a claim-validation verdict,d3eff26c92f14be1d4ea8bab03ec474da9670c8883252d4718fe72f1d2448ce2
https://wemake-python-styleguide.readthedocs.io/en/0.1.0/_pages/violations/consistency.html,https://wemake-python-styleguide.readthedocs.io/en/0.1.0/_pages/violations/consistency.html,200,text retrieved; not a claim-validation verdict,94d54316d56ecf80d101d9b2ff9fa0e903458e1c30db86036ab1b36597347933
https://wemake-python-styleguide.readthedocs.io/en/0.11.1/pages/usage/setup.html,https://wemake-python-styleguide.readthedocs.io/en/0.11.1/pages/usage/setup.html,200,text retrieved; not a claim-validation verdict,53091535a543e5409f426e715e2fbaf3ecd6a22a3e38c1ffc786ff007fcfa353
https://wemake-python-styleguide.readthedocs.io/en/0.11.0/pages/violations/consistency.html,https://wemake-python-styleguide.readthedocs.io/en/0.11.0/pages/violations/consistency.html,200,text retrieved; not a claim-validation verdict,144f84e83ea1ac3652761c1080d089b9185e54dd3925e62e0539eeaa34823c5f
https://wemake-python-styleguide.readthedocs.io/en/0.11.0/pages/usage/integrations.html,https://wemake-python-styleguide.readthedocs.io/en/0.11.0/pages/usage/integrations.html,200,text retrieved; not a claim-validation verdict,4c4771b8d7b78ca2f37d759b92b709a2841da222a039ddc9a47ed9e708d5b56a
https://wemake-python-styleguide.readthedocs.io/en/0.19.2/pages/usage/integrations/auto-formatters.html,https://wemake-python-styleguide.readthedocs.io/en/0.19.2/pages/usage/integrations/auto-formatters.html,200,text retrieved; not a claim-validation verdict,e16394eb7a17fd5d554b4bed84a30503ec2ea870c4678481aa5ad7224ee30c39
https://wemake-python-styleguide.readthedocs.io/en/0.16.1/,https://wemake-python-styleguide.readthedocs.io/en/0.16.1/,200,text retrieved; not a claim-validation verdict,03a9b9eb3cc8c590b357f0b03688298d49ed5aa724d9fa5160ebbeec8cbfdbfa
https://wemake-python-styleguide.readthedocs.io/en/0.15.3/pages/api/,https://wemake-python-styleguide.readthedocs.io/en/0.15.3/pages/api/,200,text retrieved; not a claim-validation verdict,8a3ea339b4d2f9ca949c214b24275d7e6fd3764ca04c74ec292366d0abe51674
https://wemake-python-styleguide.readthedocs.io/en/1.7.1/pages/usage/setup.html,https://wemake-python-styleguide.readthedocs.io/en/1.7.1/pages/usage/setup.html,200,text retrieved; not a claim-validation verdict,64a5d038ba17d3042f3198ea650408eee9d3790b1fd58dd649b0e560cc04ae20
https://wemake-python-styleguide.readthedocs.io/en/0.11.1/,https://wemake-python-styleguide.readthedocs.io/en/0.11.1/,200,text retrieved; not a claim-validation verdict,7cd9d5cfbff6f9e1b8cce27e9362c70e9cad19dfb38ec3490ac6dac1d0329dcb
https://wemake-python-styleguide.readthedocs.io/en/0.13.0/,https://wemake-python-styleguide.readthedocs.io/en/0.13.0/,200,text retrieved; not a claim-validation verdict,ba5d7b92478f6a226003acafad1dfc5a396a15b54fd19acab3ea26d81709724b
https://wemake-python-styleguide.readthedocs.io/en/0.12.0/,https://wemake-python-styleguide.readthedocs.io/en/0.12.0/,200,text retrieved; not a claim-validation verdict,3d85a9b08e1b31d6c60ab409ac85b4cc9c363dfc4edcd4d64f15175f833a502f
https://wemake-python-styleguide.readthedocs.io/en/1.6.2/pages/usage/violations/naming.html,https://wemake-python-styleguide.readthedocs.io/en/1.6.2/pages/usage/violations/naming.html,200,text retrieved; not a claim-validation verdict,5f21d9ebd40b2c96813254b12692f00e0e4e640f5b218d2185dae935e66ea76c
https://wemake-python-styleguide.readthedocs.io/en/1.0.0/pages/usage/violations/naming.html,https://wemake-python-styleguide.readthedocs.io/en/1.0.0/pages/usage/violations/naming.html,200,text retrieved; not a claim-validation verdict,e7e4a1c2f83463e433df5ec2e53c55d3ddbbb282c0d5c964ac4975e1f7d091e8
https://wemake-python-styleguide.readthedocs.io/en/latest/pages/usage/violations/system.html,https://wemake-python-styleguide.readthedocs.io/en/latest/pages/usage/violations/system.html,200,text retrieved; not a claim-validation verdict,ccd1dcd6882561b3ab19402323fef41cceca9d5c037558ff4310709d6672d021
https://wemake-python-styleguide.readthedocs.io/en/0.13.4/pages/usage/violations/best_practices.html,https://wemake-python-styleguide.readthedocs.io/en/0.13.4/pages/usage/violations/best_practices.html,200,text retrieved; not a claim-validation verdict,4f4fca77c9017ec8687227568ec707ea132cac4bdda00e8af64af688e7521029
https://wemake-python-styleguide.readthedocs.io/en/latest/py-modindex.html,https://wemake-python-styleguide.readthedocs.io/en/latest/py-modindex.html,200,text retrieved; not a claim-validation verdict,f5b58ae9f6cc059bfd39da6d2c047498c490a04f0fb762eb06b978b5db7d53ed
https://wemake-python-styleguide.readthedocs.io/en/latest/_modules/wemake_python_styleguide/violations/naming.html,https://wemake-python-styleguide.readthedocs.io/en/latest/_modules/wemake_python_styleguide/violations/naming.html,200,text retrieved; not a claim-validation verdict,37a0c3bb8bd6f370bb3da4eec56c6a24591a1cb599702b140100727e061c595e
https://wemake-python-styleguide.readthedocs.io/en/0.16.1/pages/usage/violations/refactoring.html,https://wemake-python-styleguide.readthedocs.io/en/0.16.1/pages/usage/violations/refactoring.html,200,text retrieved; not a claim-validation verdict,e440d34b9a988e0aab94cf3f1bfbd2de53085b1726d371afdf36c0bc5917d1a1
https://wemake-python-styleguide.readthedocs.io/en/0.14.1/pages/usage/violations/best_practices.html,https://wemake-python-styleguide.readthedocs.io/en/0.14.1/pages/usage/violations/best_practices.html,200,text retrieved; not a claim-validation verdict,39fb136235a5bf4c0aa876f6b2927143337bf61eac35f845d24e0921078f69dc
https://wemake-python-styleguide.readthedocs.io/en/latest/_modules/wemake_python_styleguide/violations/refactoring.html,https://wemake-python-styleguide.readthedocs.io/en/latest/_modules/wemake_python_styleguide/violations/refactoring.html,200,text retrieved; not a claim-validation verdict,0b39435553e94b83f252d97cb750bad9c57a565567bdd4537ddb4598822c8179
https://wemake-python-styleguide.readthedocs.io/en/1.4.0/pages/usage/violations/refactoring.html,https://wemake-python-styleguide.readthedocs.io/en/1.4.0/pages/usage/violations/refactoring.html,200,text retrieved; not a claim-validation verdict,f62039e97b7ef698b7f9f45e666c743bd52458f1703edd58e9b835dd938bd122
https://wemake-python-styleguide.readthedocs.io/en/0.11.0/pages/violations/refactoring.html,https://wemake-python-styleguide.readthedocs.io/en/0.11.0/pages/violations/refactoring.html,200,text retrieved; not a claim-validation verdict,56b7e3097a85edf2cddce7a0598169bce840e17035f485ecc575ea610b6006a6
https://wemake-python-styleguide.readthedocs.io/en/1.3.0/_modules/wemake_python_styleguide/violations/best_practices.html,https://wemake-python-styleguide.readthedocs.io/en/1.3.0/_modules/wemake_python_styleguide/violations/best_practices.html,200,text retrieved; not a claim-validation verdict,b5be97680bf46f2efcfcfd7356ef45f3218b72ceee9d8826c18250b44c89ac41
https://wemake-python-styleguide.readthedocs.io/en/0.1.0/_pages/violations/naming.html,https://wemake-python-styleguide.readthedocs.io/en/0.1.0/_pages/violations/naming.html,200,text retrieved; not a claim-validation verdict,f04505c70b497dedbe7a25b3f84c26e5c58e35e53b1b2bb47c44b56f32e3455a
https://wemake-python-styleguide.readthedocs.io/en/0.12.3/pages/usage/violations/naming.html,https://wemake-python-styleguide.readthedocs.io/en/0.12.3/pages/usage/violations/naming.html,200,text retrieved; not a claim-validation verdict,757e1e70410d9439dbf78761a03fa7c738689df8b35036b9fc5e0fd2e4103928
https://wemake-python-styleguide.readthedocs.io/en/latest/pages/api/formatter.html,https://wemake-python-styleguide.readthedocs.io/en/latest/pages/api/formatter.html,200,text retrieved; not a claim-validation verdict,7f3e1c89733594db172bfadd80664401e366cfe1004884235aea2a42c0005a71
https://wemake-python-styleguide.readthedocs.io/en/1.4.0/pages/usage/violations/consistency.html,https://wemake-python-styleguide.readthedocs.io/en/1.4.0/pages/usage/violations/consistency.html,200,text retrieved; not a claim-validation verdict,2e05cc80efd63acfbac5fdd6a99cb166c211e89f4ba0369c0b91b9565126d418
https://wemake-python-styleguide.readthedocs.io/en/0.2.0/_modules/wemake_python_styleguide/violations/best_practices.html,https://wemake-python-styleguide.readthedocs.io/en/0.2.0/_modules/wemake_python_styleguide/violations/best_practices.html,200,text retrieved; not a claim-validation verdict,512e2cd5f34440a2b6627e39b507a24f5900c692adac44149fcda1ab3ab6e7c4
https://wemake-python-styleguide.readthedocs.io/en/1.3.0/pages/usage/violations/naming.html,https://wemake-python-styleguide.readthedocs.io/en/1.3.0/pages/usage/violations/naming.html,200,text retrieved; not a claim-validation verdict,99a8f2b3c3842bab115f073142b8d75b9388436476a4b2c4485353878a69a675
https://wemake-python-styleguide.readthedocs.io/en/stable/genindex.html,https://wemake-python-styleguide.readthedocs.io/en/stable/genindex.html,200,text retrieved; not a claim-validation verdict,cbb4a4d7e7db89c8a803c929af127ab24842a1842db949154078905da81b646f
https://wemake-python-styleguide.readthedocs.io/en/0.11.1/pages/constants.html,https://wemake-python-styleguide.readthedocs.io/en/0.11.1/pages/constants.html,200,text retrieved; not a claim-validation verdict,0d2b2e4ca061be2a14be0f8eab5b1679dc2c620fe16377cea9019e6d1e73c87e
https://wemake-python-styleguide.readthedocs.io/en/0.6.2/pages/violations/naming.html,https://wemake-python-styleguide.readthedocs.io/en/0.6.2/pages/violations/naming.html,200,text retrieved; not a claim-validation verdict,392bb48e360cd4346186c4b4000dee81a447153108001a62c97019dc56b81d70
https://wemake-python-styleguide.readthedocs.io/en/1.0.0/_modules/wemake_python_styleguide/violations/naming.html,https://wemake-python-styleguide.readthedocs.io/en/1.0.0/_modules/wemake_python_styleguide/violations/naming.html,200,text retrieved; not a claim-validation verdict,3821f3bc4e01b32fad1fc318179fbfe9eba278f19fb2ae08a0c7e07372ad5721
https://wemake-python-styleguide.readthedocs.io/en/0.7.0/pages/violations/naming.html,https://wemake-python-styleguide.readthedocs.io/en/0.7.0/pages/violations/naming.html,200,text retrieved; not a claim-validation verdict,56e5a7e9f6a444f63d64fde77fb49d3d3a61ed92a6857d014529c8b6a654f9b4
https://wemake-python-styleguide.readthedocs.io/en/0.14.0/_modules/wemake_python_styleguide/violations/naming.html,https://wemake-python-styleguide.readthedocs.io/en/0.14.0/_modules/wemake_python_styleguide/violations/naming.html,200,text retrieved; not a claim-validation verdict,b8f056e7bb7c95cb9efdd4a27376bcb232ac928695caee0378390f6b4a53a940
https://wemake-python-styleguide.readthedocs.io/en/1.0.0/pages/api/constants.html,https://wemake-python-styleguide.readthedocs.io/en/1.0.0/pages/api/constants.html,200,text retrieved; not a claim-validation verdict,5561ab2fe0d3a29e59654968f15c2f2031e5b5cc0a45fafb971a3087e862e159
https://wemake-python-styleguide.readthedocs.io/en/1.3.0/pages/usage/violations/best_practices.html,https://wemake-python-styleguide.readthedocs.io/en/1.3.0/pages/usage/violations/best_practices.html,200,text retrieved; not a claim-validation verdict,4e12326033656d1ee7e1ef33cbdc18a8f3328e37e5f29c838c3fc83641ee4c53
https://wemake-python-styleguide.readthedocs.io/en/1.4.0/pages/usage/configuration.html,https://wemake-python-styleguide.readthedocs.io/en/1.4.0/pages/usage/configuration.html,200,text retrieved; not a claim-validation verdict,04db6cd536562e9567384fc61c9793ce94421f3816720721bd2aed6594aab617
https://wemake-python-styleguide.readthedocs.io/en/0.13.4/pages/api/constants.html,https://wemake-python-styleguide.readthedocs.io/en/0.13.4/pages/api/constants.html,200,text retrieved; not a claim-validation verdict,aa875bfe90ab2849a48017c138eb0cfc8c7c999425968c4ac915d907fb3b61d9
https://wemake-python-styleguide.readthedocs.io/en/0.14.0/pages/api/constants.html,https://wemake-python-styleguide.readthedocs.io/en/0.14.0/pages/api/constants.html,200,text retrieved; not a claim-validation verdict,b695e4add618c0ebe480abe4565e6fe91cb64f70bd912d70188848a6b3cc8589
https://wemake-python-styleguide.readthedocs.io/en/0.15.0/pages/usage/violations/best_practices.html,https://wemake-python-styleguide.readthedocs.io/en/0.15.0/pages/usage/violations/best_practices.html,200,text retrieved; not a claim-validation verdict,41138521e3555aaa8499e4eeb8c0a4b8f8930e5962779cfbd258638062e73eb9
https://docs.python.org/3/reference/import.html,https://docs.python.org/3/reference/import.html,200,text retrieved; not a claim-validation verdict,e1e3c91411971d09f9c2c91540abd8d6e595d3169fbcdb72505f4e721ea38366
https://github.com/python/cpython/blob/main/Doc/reference/import.rst,https://github.com/python/cpython/blob/main/Doc/reference/import.rst,200,text retrieved; not a claim-validation verdict,7761d0bddc5128a3ce8450e230a4a3ff4baf35a10d1c96cf53fe548f14f44201
https://github.com/python/cpython/blob/main/Doc/library/sys.rst,https://github.com/python/cpython/blob/main/Doc/library/sys.rst,200,text retrieved; not a claim-validation verdict,e3d92eff4f1b39f14297d8399ec8d05645821acd0dcdb8c085aec726ec9471fe
https://github.com/python/cpython/blob/main/Doc/library/sys_path_init.rst,https://github.com/python/cpython/blob/main/Doc/library/sys_path_init.rst,200,text retrieved; not a claim-validation verdict,475518ffd1f24ac7a6c5ec761683169ff4754435b3e5de9e96bbf91070df7038
https://github.com/python/cpython/blob/main/Lib/importlib/util.py,https://github.com/python/cpython/blob/main/Lib/importlib/util.py,200,text retrieved; not a claim-validation verdict,e3835b56f47655da536468129dfea052d732ce57d5225e2b7bdef98a7503d98c
https://github.com/python/cpython/blob/main/Doc/library/os.rst?plain=1,https://github.com/python/cpython/blob/main/Doc/library/os.rst?plain=1,200,text retrieved; not a claim-validation verdict,16fc5534d225f68ca20062d037073c441ec2ef911a9c9e8faf4b1d98711749b2
https://github.com/python/cpython/blob/main/Doc/library/os.path.rst?plain=1,https://github.com/python/cpython/blob/main/Doc/library/os.path.rst?plain=1,200,text retrieved; not a claim-validation verdict,ebddce44228b7173746989f1888ce2b5e8d18e3e5e3dcef71a1ad8668e80af1f
https://github.com/python/cpython/blob/main/Lib/site.py,https://github.com/python/cpython/blob/main/Lib/site.py,200,text retrieved; not a claim-validation verdict,75dbe0bf2dee2b74e501b22c3dc17b5c9074aa6128c24d9c3688722681593eb6
https://github.com/python/cpython/blob/main/Doc/using/cmdline.rst,https://github.com/python/cpython/blob/main/Doc/using/cmdline.rst,200,text retrieved; not a claim-validation verdict,2786e72b261090bca7250f0dea6a418da50434f4eb24be4705368de1ad1cffa1
https://github.com/python/cpython/blob/main/Doc/using/windows.rst,https://github.com/python/cpython/blob/main/Doc/using/windows.rst,200,text retrieved; not a claim-validation verdict,2215af64a08951851842841a40d7af5dc92125f5c97f082fb32854630e207f9b
https://docs.astral.sh/ruff/rules/module-import-not-at-top-of-file/,https://docs.astral.sh/ruff/rules/module-import-not-at-top-of-file/,200,text retrieved; not a claim-validation verdict,ee7e38bb799d1f7a939db571f1ce612bb27eae86ce5eb2243cacfd1ec5e9f70e
https://docs.astral.sh/ruff/rules/noqa-comments/,https://docs.astral.sh/ruff/rules/noqa-comments/,200,text retrieved; not a claim-validation verdict,ec1f90e1f48b33bad28b04a19cf1dd96592cc118e0a8ef01409bd29dc1aca868
